rank,id_compra,id_compra_item,numero_controle_PNCP,ID_contratacao_PNCP,orgao_cnpj,orgao_razao_social,unidade_orgao,municipio,uf,ibge,modalidade,fornecedor_cnpj,fornecedor_nome,item_desc,item_desc_detalhada,material_ou_servico,cod_item_catalogo,catalog_code,catalog_match,qty,unidade_medida,unit_price,total,qty_band,quarter,peer_n,median,mad,score,score_kind,data_error,data_error_qty_x_price_over_total,source_item_url,source_compra_url,pncp_id,pncp_consulta
1,92776105900292024,9277610590029202400001,29063294000182-1-000009/2024,29063294000182-1-000009/2024,29063294000182,SERVICO AUTONOMO HOSPITALAR,SERVIÇO AUTONOMO HOSPITALAR DE VOLTA REDONDA,VOLTA REDONDA,RJ,3306305,Pregão - Eletrônico,04380569000180,J R G DISTRIBUIDORA DE MEDICAMENTOS HOSPITALARES LTDA,Piridostigmina brometo,Piridostigmina Brometo Dosagem: 60 M,Material,271764,271764,catmat,800.000000,Comprimido,365.000000,292000.000000,101-1000,2024Q4,3,0.520000,0.270000,1349.925926,mad_units,false,,https://repositorio.dados.gov.br/seges/comprasgov/anual/2024/comprasGOV-anual-VW_FT_PNCP_COMPRA_ITEM-2024.csv,https://repositorio.dados.gov.br/seges/comprasgov/anual/2024/comprasGOV-anual-VW_FT_PNCP_COMPRA-2024.csv,29063294000182-1-000009/2024,https://pncp.gov.br/app/editais/29063294000182-1-000009/2024
2,45006807000612024,4500680700061202400001,32512501000143-1-000121/2024,32512501000143-1-000121/2024,32512501000143,MUNICIPIO DE VOLTA REDONDA,PREFEITURA MUNICIPAL DE VOLTA REDONDA-RJ,VOLTA REDONDA,RJ,3306305,Inexigibilidade,30092431000196,CONDOR S/A INDUSTRIA QUIMICA,"Projétil Não Letal alcance: 8, material: polimero de alta resistência, peso: 52,6, tipo: cartucho para dipositivo elétrico incapacitante","Projétil Não Letal alcance: 8, material: polimero de alta resistência, peso: 52,6, tipo: cartucho para dipositivo elétrico incapacitante",Material,610825,610825,catmat,20.000000,Unidade,7240.730000,144814.600000,11-100,2024Q3,3,284.960000,6.480000,1073.421296,mad_units,false,,https://repositorio.dados.gov.br/seges/comprasgov/anual/2024/comprasGOV-anual-VW_FT_PNCP_COMPRA_ITEM-2024.csv,https://repositorio.dados.gov.br/seges/comprasgov/anual/2024/comprasGOV-anual-VW_FT_PNCP_COMPRA-2024.csv,32512501000143-1-000121/2024,https://pncp.gov.br/app/editais/32512501000143-1-000121/2024
3,92776105901012024,9277610590101202400014,29063294000182-1-000181/2024,29063294000182-1-000181/2024,29063294000182,SERVICO AUTONOMO HOSPITALAR,SERVIÇO AUTONOMO HOSPITALAR DE VOLTA REDONDA,VOLTA REDONDA,RJ,3306305,Pregão - Eletrônico,47454600000193,GREEN MED DISTRIBUIDORA E IMPORTADORA DE MEDICAMENTOS E PRODUTOS PARA SAUDE LTDA,Domperidona,Domperidona Dosagem: 10MG,Material,269962,269962,catmat,1250.000000,"Frasco 20,00 ML",16.150000,20187.500000,1001+,2024Q4,7,0.060000,0.020000,804.500000,mad_units,false,,https://repositorio.dados.gov.br/seges/comprasgov/anual/2024/comprasGOV-anual-VW_FT_PNCP_COMPRA_ITEM-2024.csv,https://repositorio.dados.gov.br/seges/comprasgov/anual/2024/comprasGOV-anual-VW_FT_PNCP_COMPRA-2024.csv,29063294000182-1-000181/2024,https://pncp.gov.br/app/editais/29063294000182-1-000181/2024
4,92668707000082024,9266870700008202400006,32504706000187-1-000011/2024,32504706000187-1-000011/2024,32504706000187,SERVICO AUTONOMO DE AGUA E ESGOTO SAAE,SERVICO AUTON DE AGUA E ESG DE VOLTA REDONDA,VOLTA REDONDA,RJ,3306305,Inexigibilidade,60659166000146,CONAUT CONTROLES AUTOMATICOS LTDA,"Medidor Vazão aplicação: medidor vazão líquidos, características adicionais: terminais de polipropileno, comprimento: 330, diâmetro: 75, material corpo: policarbonato, pressão máxima operação: 10, temperatura operação: 80, tipo: rotâmetro",,Material,,,none,2.000000,Unidade,7929.000000,15858.000000,2-10,2024Q2,3,400.000000,10.000000,752.900000,mad_units,false,,https://repositorio.dados.gov.br/seges/comprasgov/anual/2024/comprasGOV-anual-VW_FT_PNCP_COMPRA_ITEM-2024.csv,https://repositorio.dados.gov.br/seges/comprasgov/anual/2024/comprasGOV-anual-VW_FT_PNCP_COMPRA-2024.csv,32504706000187-1-000011/2024,https://pncp.gov.br/app/editais/32504706000187-1-000011/2024
5,92776105901012024,9277610590101202400013,29063294000182-1-000181/2024,29063294000182-1-000181/2024,29063294000182,SERVICO AUTONOMO HOSPITALAR,SERVIÇO AUTONOMO HOSPITALAR DE VOLTA REDONDA,VOLTA REDONDA,RJ,3306305,Pregão - Eletrônico,18269125000187,BIOHOSP PRODUTOS HOSPITALARES SA,Domperidona,Domperidona Dosagem: 10MG,Material,269962,269962,catmat,3750.000000,"Frasco 20,00 ML",10.060000,37725.000000,1001+,2024Q4,7,0.060000,0.020000,500.000000,mad_units,false,,https://repositorio.dados.gov.br/seges/comprasgov/anual/2024/comprasGOV-anual-VW_FT_PNCP_COMPRA_ITEM-2024.csv,https://repositorio.dados.gov.br/seges/comprasgov/anual/2024/comprasGOV-anual-VW_FT_PNCP_COMPRA-2024.csv,29063294000182-1-000181/2024,https://pncp.gov.br/app/editais/29063294000182-1-000181/2024
6,92776105901012024,9277610590101202400010,29063294000182-1-000181/2024,29063294000182-1-000181/2024,29063294000182,SERVICO AUTONOMO HOSPITALAR,SERVIÇO AUTONOMO HOSPITALAR DE VOLTA REDONDA,VOLTA REDONDA,RJ,3306305,Pregão - Eletrônico,,,Acetilcisteína,"Acetilcisteína Concentraçao: 40MG/ML, Forma Farmaceutica: Xarope",Material,355786,355786,catmat,10000.000000,"Ampola 3,00 ML",1.010000,10100.000000,1001+,2024Q4,3,3.990000,0.010000,298.000000,mad_units,false,,https://repositorio.dados.gov.br/seges/comprasgov/anual/2024/comprasGOV-anual-VW_FT_PNCP_COMPRA_ITEM-2024.csv,https://repositorio.dados.gov.br/seges/comprasgov/anual/2024/comprasGOV-anual-VW_FT_PNCP_COMPRA-2024.csv,29063294000182-1-000181/2024,https://pncp.gov.br/app/editais/29063294000182-1-000181/2024
7,45006805900452024,4500680590045202400017,32512501000143-1-000050/2024,32512501000143-1-000050/2024,32512501000143,MUNICIPIO DE VOLTA REDONDA,PREFEITURA MUNICIPAL DE VOLTA REDONDA-RJ,VOLTA REDONDA,RJ,3306305,Pregão - Eletrônico,20159008000102,MARMED DISTRIBUIDORA DE MEDICAMENTOS E MATERIAL HOSPITALAR LTDA,Desinfetante,"DESINFETANTE, COMPOSIÇÃO À BASE DE QUATERNÁRIO DE AMÔNIO, FORMA FÍSICA SOLUÇÃOAQUOSA CONCENTRADA, CARACTERÍSTICA ADICIONAL COM AROMA",Material,420084,420084,catmat,2257.000000,Litro,23.300000,52588.100000,1001+,2024Q3,3,0.090000,0.000000,258.888889,price_over_median,false,,https://repositorio.dados.gov.br/seges/comprasgov/anual/2024/comprasGOV-anual-VW_FT_PNCP_COMPRA_ITEM-2024.csv,https://repositorio.dados.gov.br/seges/comprasgov/anual/2024/comprasGOV-anual-VW_FT_PNCP_COMPRA-2024.csv,32512501000143-1-000050/2024,https://pncp.gov.br/app/editais/32512501000143-1-000050/2024
8,92685005901352024,9268500590135202400062,39563911000162-1-000165/2024,39563911000162-1-000165/2024,39563911000162,FUNDO MUNICIPAL DE SAUDE PMVR SMS,FUNDO MUNICIPAL DE SAÚDE DE VOLTA REDONDA-RJ,VOLTA REDONDA,RJ,3306305,Pregão - Eletrônico,,,Dexametasona,Dexametasona Dosagem: 4MG,Material,269388,269388,catmat,29000.000000,"Ampola 2,50 ML",2.710000,78590.000000,1001+,2024Q4,7,0.190000,0.010000,252.000000,mad_units,false,,https://repositorio.dados.gov.br/seges/comprasgov/anual/2024/comprasGOV-anual-VW_FT_PNCP_COMPRA_ITEM-2024.csv,https://repositorio.dados.gov.br/seges/comprasgov/anual/2024/comprasGOV-anual-VW_FT_PNCP_COMPRA-2024.csv,39563911000162-1-000165/2024,https://pncp.gov.br/app/editais/39563911000162-1-000165/2024
9,45006807001132024,4500680700113202400020,32512501000143-1-000248/2024,32512501000143-1-000248/2024,32512501000143,MUNICIPIO DE VOLTA REDONDA,PREFEITURA MUNICIPAL DE VOLTA REDONDA-RJ,VOLTA REDONDA,RJ,3306305,Inexigibilidade,31848674000174,ASSOCIACAO DOS PRODUTORES FAMILIARES DE SANTA RITA,Legume In Natura tipo: chuchu verde,Legume In Natura tipo: chuchu verde,Material,463778,463778,catmat,11750.000000,Quilograma,7.180000,84365.000000,1001+,2024Q4,7,2.480000,0.020000,235.000000,mad_units,false,,https://repositorio.dados.gov.br/seges/comprasgov/anual/2024/comprasGOV-anual-VW_FT_PNCP_COMPRA_ITEM-2024.csv,https://repositorio.dados.gov.br/seges/comprasgov/anual/2024/comprasGOV-anual-VW_FT_PNCP_COMPRA-2024.csv,32512501000143-1-000248/2024,https://pncp.gov.br/app/editais/32512501000143-1-000248/2024
10,45006806990122024,4500680699012202400008,32512501000143-1-000181/2024,32512501000143-1-000181/2024,32512501000143,MUNICIPIO DE VOLTA REDONDA,PREFEITURA MUNICIPAL DE VOLTA REDONDA-RJ,VOLTA REDONDA,RJ,3306305,Dispensa,24195207000127,MANOEL GOMES DE OLIVEIRA NETO,Confecção / instalação de artefato texteis / couro / borracha / lona,Confecção / instalação de artefato texteis / couro / borracha / lona,Serviço,16390,16390,both,1.000000,UN,259.000000,259.000000,1,2024Q4,7,151.050000,0.470000,229.680851,mad_units,false,,https://repositorio.dados.gov.br/seges/comprasgov/anual/2024/comprasGOV-anual-VW_FT_PNCP_COMPRA_ITEM-2024.csv,https://repositorio.dados.gov.br/seges/comprasgov/anual/2024/comprasGOV-anual-VW_FT_PNCP_COMPRA-2024.csv,32512501000143-1-000181/2024,https://pncp.gov.br/app/editais/32512501000143-1-000181/2024
11,92776105901042024,9277610590104202400016,29063294000182-1-000184/2024,29063294000182-1-000184/2024,29063294000182,SERVICO AUTONOMO HOSPITALAR,SERVIÇO AUTONOMO HOSPITALAR DE VOLTA REDONDA,VOLTA REDONDA,RJ,3306305,Pregão - Eletrônico,47454600000193,GREEN MED DISTRIBUIDORA E IMPORTADORA DE MEDICAMENTOS E PRODUTOS PARA SAUDE LTDA,Epinefrina,"Epinefrina Dosagem: 1mg/Ml, Uso: Solução Injetável",Material,268255,268255,catmat,2000.000000,"Ampola 1,00 ML",21.600000,43200.000000,1001+,2024Q4,11,1.229500,0.089500,227.603352,mad_units,false,,https://repositorio.dados.gov.br/seges/comprasgov/anual/2024/comprasGOV-anual-VW_FT_PNCP_COMPRA_ITEM-2024.csv,https://repositorio.dados.gov.br/seges/comprasgov/anual/2024/comprasGOV-anual-VW_FT_PNCP_COMPRA-2024.csv,29063294000182-1-000184/2024,https://pncp.gov.br/app/editais/29063294000182-1-000184/2024
12,92776106901632024,9277610690163202400004,29063294000182-1-000188/2024,29063294000182-1-000188/2024,29063294000182,SERVICO AUTONOMO HOSPITALAR,SERVIÇO AUTONOMO HOSPITALAR DE VOLTA REDONDA,VOLTA REDONDA,RJ,3306305,Dispensa,,,Circuito Respiratório,"Circuito Respiratório Material: Silicone, Modelo: C/ 5 Traqueias, Diâmetro Traqueia: Cerca De 22MM, Comprimento Traqueia: Cerca De 60, 60, 60, 60, 40CM, Conector: C/ Conector ""Y"", Dreno Coletor De Água: C/ 2 Drenos, Linha Adicional: C/ Linha Proximal, Esterilidade: Esterilizável",Material,614940,614940,catmat,3.000000,Unidade,369.380000,1108.140000,2-10,2024Q4,3,30.730000,1.610000,210.341615,mad_units,false,,https://repositorio.dados.gov.br/seges/comprasgov/anual/2024/comprasGOV-anual-VW_FT_PNCP_COMPRA_ITEM-2024.csv,https://repositorio.dados.gov.br/seges/comprasgov/anual/2024/comprasGOV-anual-VW_FT_PNCP_COMPRA-2024.csv,29063294000182-1-000188/2024,https://pncp.gov.br/app/editais/29063294000182-1-000188/2024
13,92776105900942024,9277610590094202400011,29063294000182-1-000160/2024,29063294000182-1-000160/2024,29063294000182,SERVICO AUTONOMO HOSPITALAR,SERVIÇO AUTONOMO HOSPITALAR DE VOLTA REDONDA,VOLTA REDONDA,RJ,3306305,Pregão - Eletrônico,02172698000158,RADA-MED COMERCIAL LTDA,Agulha anestésica,"Agulha Anestésica Aplicação: P/ Raquidiana , Material: Aço Inoxidável , Dimensão: 25 G X 4 3/4"" , Tipo Ponta: Ponta Quincke , Componente: C/ Mandril , Conector Universal: Conector Luer Lock, Cônico E Transparente , Característica Adicional: P/ Obesos , Tipo Uso: Descartável , Esterilidade: Estéril",Material,389231,389231,catmat,90.000000,Unidade,24.300000,2187.000000,11-100,2024Q4,3,6.610000,0.090000,196.555556,mad_units,false,,https://repositorio.dados.gov.br/seges/comprasgov/anual/2024/comprasGOV-anual-VW_FT_PNCP_COMPRA_ITEM-2024.csv,https://repositorio.dados.gov.br/seges/comprasgov/anual/2024/comprasGOV-anual-VW_FT_PNCP_COMPRA-2024.csv,29063294000182-1-000160/2024,https://pncp.gov.br/app/editais/29063294000182-1-000160/2024
14,45006805900772024,4500680590077202400074,32512501000143-1-000141/2024,32512501000143-1-000141/2024,32512501000143,MUNICIPIO DE VOLTA REDONDA,PREFEITURA MUNICIPAL DE VOLTA REDONDA-RJ,VOLTA REDONDA,RJ,3306305,Pregão - Eletrônico,16813260000116,RCB SOLUCOES.COM COMERCIO E SERVICOS LTDA ME,Copo Descartável,"COPO DESCARTÁVEL, MATERIAL PLÁSTICO, CAPACIDADE 200 ML, CARACTERÍSTICASADICIONAIS PACOTE 100 UNIDADES",Material,618310,618310,catmat,1250.000000,"Caixa 25,00 PCT",86.990000,108737.500000,1001+,2024Q4,5,3.740000,0.450000,185.000000,mad_units,false,,https://repositorio.dados.gov.br/seges/comprasgov/anual/2024/comprasGOV-anual-VW_FT_PNCP_COMPRA_ITEM-2024.csv,https://repositorio.dados.gov.br/seges/comprasgov/anual/2024/comprasGOV-anual-VW_FT_PNCP_COMPRA-2024.csv,32512501000143-1-000141/2024,https://pncp.gov.br/app/editais/32512501000143-1-000141/2024
15,92668705900812024,9266870590081202400042,32504706000187-1-000168/2024,32504706000187-1-000168/2024,32504706000187,SERVICO AUTONOMO DE AGUA E ESGOTO SAAE,SERVICO AUTON DE AGUA E ESG DE VOLTA REDONDA,VOLTA REDONDA,RJ,3306305,Pregão - Eletrônico,27253891000144,S.K FERNANDES AUTOMACAO INDUSTRIAL LTDA,Disjuntor média tensão,"Disjuntor Média Tensão Características Adicionais: Caixa Moldada , Capacidade Interrupção Simétrica: 25 KA, Aplicação: Instalação Elétrica , Classe Tensão: 380 V, Corrente Nominal: 80 A, Tipo: Tripolar",Material,616962,616962,catmat,2.000000,Unidade,9750.000000,19500.000000,2-10,2024Q4,40,97.000000,58.960000,163.721167,mad_units,false,,https://repositorio.dados.gov.br/seges/comprasgov/anual/2024/comprasGOV-anual-VW_FT_PNCP_COMPRA_ITEM-2024.csv,https://repositorio.dados.gov.br/seges/comprasgov/anual/2024/comprasGOV-anual-VW_FT_PNCP_COMPRA-2024.csv,32504706000187-1-000168/2024,https://pncp.gov.br/app/editais/32504706000187-1-000168/2024
16,92685005901352024,9268500590135202400137,39563911000162-1-000165/2024,39563911000162-1-000165/2024,39563911000162,FUNDO MUNICIPAL DE SAUDE PMVR SMS,FUNDO MUNICIPAL DE SAÚDE DE VOLTA REDONDA-RJ,VOLTA REDONDA,RJ,3306305,Pregão - Eletrônico,,,Sulfametoxazol,"Sulfametoxazol Composição: Associado À Trimetoprima, Concentração: 400mg + 80mg",Material,308882,308882,catmat,13800.000000,"Ampola 5,00 ML",3.010000,41538.000000,1001+,2024Q4,8,0.180000,0.017550,161.253561,mad_units,false,,https://repositorio.dados.gov.br/seges/comprasgov/anual/2024/comprasGOV-anual-VW_FT_PNCP_COMPRA_ITEM-2024.csv,https://repositorio.dados.gov.br/seges/comprasgov/anual/2024/comprasGOV-anual-VW_FT_PNCP_COMPRA-2024.csv,39563911000162-1-000165/2024,https://pncp.gov.br/app/editais/39563911000162-1-000165/2024
17,45006805900772024,4500680590077202400075,32512501000143-1-000141/2024,32512501000143-1-000141/2024,32512501000143,MUNICIPIO DE VOLTA REDONDA,PREFEITURA MUNICIPAL DE VOLTA REDONDA-RJ,VOLTA REDONDA,RJ,3306305,Pregão - Eletrônico,73752081000150,VINAQUE COMERCIO DE ALIMENTOS LTDA,Copo Descartável,"COPO DESCARTÁVEL, MATERIAL PLÁSTICO, CAPACIDADE 200 ML, CARACTERÍSTICASADICIONAIS PACOTE 100 UNIDADES",Material,618310,618310,catmat,3750.000000,"Caixa 25,00 PCT",73.850000,276937.500000,1001+,2024Q4,5,3.740000,0.450000,155.800000,mad_units,false,,https://repositorio.dados.gov.br/seges/comprasgov/anual/2024/comprasGOV-anual-VW_FT_PNCP_COMPRA_ITEM-2024.csv,https://repositorio.dados.gov.br/seges/comprasgov/anual/2024/comprasGOV-anual-VW_FT_PNCP_COMPRA-2024.csv,32512501000143-1-000141/2024,https://pncp.gov.br/app/editais/32512501000143-1-000141/2024
18,45006805900442024,4500680590044202400019,32512501000143-1-000071/2024,32512501000143-1-000071/2024,32512501000143,MUNICIPIO DE VOLTA REDONDA,PREFEITURA MUNICIPAL DE VOLTA REDONDA-RJ,VOLTA REDONDA,RJ,3306305,Pregão - Eletrônico,54793517000104,MAX-FER TOOLS COMERCIAL LTDA,Desempenadeira,"DESEMPENADEIRA, APLICAÇÃO COLUNA VEÍCULO AUTOMOTIVO, TIPO HIDRÁULICO,ACABAMENTO SUPERFICIAL PINTADA, COMPONENTES CORRENTE TRASEIRA/DIANTEIRA FIXARHIDRÁULICO/CON-",Material,265602,265602,catmat,4.000000,Unidade,162.350000,649.400000,2-10,2024Q3,4,10.785000,0.975000,155.451282,mad_units,false,,https://repositorio.dados.gov.br/seges/comprasgov/anual/2024/comprasGOV-anual-VW_FT_PNCP_COMPRA_ITEM-2024.csv,https://repositorio.dados.gov.br/seges/comprasgov/anual/2024/comprasGOV-anual-VW_FT_PNCP_COMPRA-2024.csv,32512501000143-1-000071/2024,https://pncp.gov.br/app/editais/32512501000143-1-000071/2024
19,92685005901322024,9268500590132202400010,39563911000162-1-000160/2024,39563911000162-1-000160/2024,39563911000162,FUNDO MUNICIPAL DE SAUDE PMVR SMS,FUNDO MUNICIPAL DE SAÚDE DE VOLTA REDONDA-RJ,VOLTA REDONDA,RJ,3306305,Pregão - Eletrônico,,,Travoprosta,"Travoprosta Dosagem: 0,04 MG/ML, Apresentação: Solução Oftálmica",Material,268005,268005,catmat,18.000000,"Frasco 2,50 ML",106.730000,1921.140000,11-100,2024Q4,3,19.990000,0.670000,129.462687,mad_units,false,,https://repositorio.dados.gov.br/seges/comprasgov/anual/2024/comprasGOV-anual-VW_FT_PNCP_COMPRA_ITEM-2024.csv,https://repositorio.dados.gov.br/seges/comprasgov/anual/2024/comprasGOV-anual-VW_FT_PNCP_COMPRA-2024.csv,39563911000162-1-000160/2024,https://pncp.gov.br/app/editais/39563911000162-1-000160/2024
20,45006805900462024,4500680590046202400103,32512501000143-1-000042/2024,32512501000143-1-000042/2024,32512501000143,MUNICIPIO DE VOLTA REDONDA,PREFEITURA MUNICIPAL DE VOLTA REDONDA-RJ,VOLTA REDONDA,RJ,3306305,Pregão - Eletrônico,45194580000133,COMERCIAL TH4 LTDA,Envelope,"Envelope Material: Kraft , Modelo: Saco Comum , Tamanho (C X L): 450 X 370 MM, Cor: Parda , Gramatura: 110 G/M",Material,614636,614636,catmat,1500.000000,Centena,23.050000,34575.000000,1001+,2024Q4,5,0.560000,0.200000,112.450000,mad_units,false,,https://repositorio.dados.gov.br/seges/comprasgov/anual/2024/comprasGOV-anual-VW_FT_PNCP_COMPRA_ITEM-2024.csv,https://repositorio.dados.gov.br/seges/comprasgov/anual/2024/comprasGOV-anual-VW_FT_PNCP_COMPRA-2024.csv,32512501000143-1-000042/2024,https://pncp.gov.br/app/editais/32512501000143-1-000042/2024
21,92668705900812024,9266870590081202400043,32504706000187-1-000168/2024,32504706000187-1-000168/2024,32504706000187,SERVICO AUTONOMO DE AGUA E ESGOTO SAAE,SERVICO AUTON DE AGUA E ESG DE VOLTA REDONDA,VOLTA REDONDA,RJ,3306305,Pregão - Eletrônico,27253891000144,S.K FERNANDES AUTOMACAO INDUSTRIAL LTDA,Disjuntor média tensão,"Disjuntor Média Tensão Características Adicionais: Caixa Moldada , Capacidade Interrupção Simétrica: 25 KA, Aplicação: Instalação Elétrica , Classe Tensão: 380 V, Corrente Nominal: 80 A, Tipo: Tripolar",Material,616962,616962,catmat,2.000000,Unidade,6278.000000,12556.000000,2-10,2024Q4,40,97.000000,58.960000,104.833786,mad_units,false,,https://repositorio.dados.gov.br/seges/comprasgov/anual/2024/comprasGOV-anual-VW_FT_PNCP_COMPRA_ITEM-2024.csv,https://repositorio.dados.gov.br/seges/comprasgov/anual/2024/comprasGOV-anual-VW_FT_PNCP_COMPRA-2024.csv,32504706000187-1-000168/2024,https://pncp.gov.br/app/editais/32504706000187-1-000168/2024
22,92668705900642024,9266870590064202400017,32504706000187-1-000140/2024,32504706000187-1-000140/2024,32504706000187,SERVICO AUTONOMO DE AGUA E ESGOTO SAAE,SERVICO AUTON DE AGUA E ESG DE VOLTA REDONDA,VOLTA REDONDA,RJ,3306305,Pregão - Eletrônico,02954521000103,CERTILAB PRODUTOS E SERVICOS PARA LABORATORIO LTDA,Solução Padrão,"Solução Padrão Tipo: Conjunto Completo , Concentração: Até 7500 Ntu , Característica Adicional: Até 6 Padrões",Material,428426,428426,catmat,1.000000,Unidade,3193.000000,3193.000000,1,2024Q4,12,109.820000,31.150000,98.978491,mad_units,false,,https://repositorio.dados.gov.br/seges/comprasgov/anual/2024/comprasGOV-anual-VW_FT_PNCP_COMPRA_ITEM-2024.csv,https://repositorio.dados.gov.br/seges/comprasgov/anual/2024/comprasGOV-anual-VW_FT_PNCP_COMPRA-2024.csv,32504706000187-1-000140/2024,https://pncp.gov.br/app/editais/32504706000187-1-000140/2024
23,92685005901302024,9268500590130202400007,39563911000162-1-000161/2024,39563911000162-1-000161/2024,39563911000162,FUNDO MUNICIPAL DE SAUDE PMVR SMS,FUNDO MUNICIPAL DE SAÚDE DE VOLTA REDONDA-RJ,VOLTA REDONDA,RJ,3306305,Pregão - Eletrônico,,,Alprazolam,,Material,,,none,1080.000000,Comprimido,2.430000,2624.400000,1001+,2024Q4,4,0.110000,0.025000,92.800000,mad_units,false,,https://repositorio.dados.gov.br/seges/comprasgov/anual/2024/comprasGOV-anual-VW_FT_PNCP_COMPRA_ITEM-2024.csv,https://repositorio.dados.gov.br/seges/comprasgov/anual/2024/comprasGOV-anual-VW_FT_PNCP_COMPRA-2024.csv,39563911000162-1-000161/2024,https://pncp.gov.br/app/editais/39563911000162-1-000161/2024
24,92668705900642024,9266870590064202400020,32504706000187-1-000140/2024,32504706000187-1-000140/2024,32504706000187,SERVICO AUTONOMO DE AGUA E ESGOTO SAAE,SERVICO AUTON DE AGUA E ESG DE VOLTA REDONDA,VOLTA REDONDA,RJ,3306305,Pregão - Eletrônico,02954521000103,CERTILAB PRODUTOS E SERVICOS PARA LABORATORIO LTDA,Solução Padrão,"Solução Padrão Tipo: Conjunto Completo , Concentração: Até 7500 Ntu , Característica Adicional: Até 6 Padrões",Material,428426,428426,catmat,4.000000,Unidade,4971.000000,19884.000000,2-10,2024Q4,8,88.100000,56.475000,86.461266,mad_units,false,,https://repositorio.dados.gov.br/seges/comprasgov/anual/2024/comprasGOV-anual-VW_FT_PNCP_COMPRA_ITEM-2024.csv,https://repositorio.dados.gov.br/seges/comprasgov/anual/2024/comprasGOV-anual-VW_FT_PNCP_COMPRA-2024.csv,32504706000187-1-000140/2024,https://pncp.gov.br/app/editais/32504706000187-1-000140/2024
25,45006807000902024,4500680700090202400001,32512501000143-1-000210/2024,32512501000143-1-000210/2024,32512501000143,MUNICIPIO DE VOLTA REDONDA,PREFEITURA MUNICIPAL DE VOLTA REDONDA-RJ,VOLTA REDONDA,RJ,3306305,Inexigibilidade,17140820000343,BYD DO BRASIL LTDA.,Manutenção de veículos pesados Manutenção de veículos pesados,,Serviço,,,none,1.000000,UNIDADE,200000.000000,200000.000000,1,2024Q4,5,5700.000000,2250.000000,86.355556,mad_units,false,,https://repositorio.dados.gov.br/seges/comprasgov/anual/2024/comprasGOV-anual-VW_FT_PNCP_COMPRA_ITEM-2024.csv,https://repositorio.dados.gov.br/seges/comprasgov/anual/2024/comprasGOV-anual-VW_FT_PNCP_COMPRA-2024.csv,32512501000143-1-000210/2024,https://pncp.gov.br/app/editais/32512501000143-1-000210/2024
26,92668705900642024,9266870590064202400018,32504706000187-1-000140/2024,32504706000187-1-000140/2024,32504706000187,SERVICO AUTONOMO DE AGUA E ESGOTO SAAE,SERVICO AUTON DE AGUA E ESG DE VOLTA REDONDA,VOLTA REDONDA,RJ,3306305,Pregão - Eletrônico,02954521000103,CERTILAB PRODUTOS E SERVICOS PARA LABORATORIO LTDA,Solução Padrão,"Solução Padrão Tipo: Conjunto Completo , Concentração: Até 7500 Ntu , Característica Adicional: Até 6 Padrões",Material,428426,428426,catmat,1.000000,Unidade,2794.000000,2794.000000,1,2024Q4,12,109.820000,31.150000,86.169502,mad_units,false,,https://repositorio.dados.gov.br/seges/comprasgov/anual/2024/comprasGOV-anual-VW_FT_PNCP_COMPRA_ITEM-2024.csv,https://repositorio.dados.gov.br/seges/comprasgov/anual/2024/comprasGOV-anual-VW_FT_PNCP_COMPRA-2024.csv,32504706000187-1-000140/2024,https://pncp.gov.br/app/editais/32504706000187-1-000140/2024
27,92668705900742024,9266870590074202400001,32504706000187-1-000149/2024,32504706000187-1-000149/2024,32504706000187,SERVICO AUTONOMO DE AGUA E ESGOTO SAAE,SERVICO AUTON DE AGUA E ESG DE VOLTA REDONDA,VOLTA REDONDA,RJ,3306305,Pregão - Eletrônico,13684094000107,RIO D'OURO COMERCIO DE ALIMENTOS LTDA,Copo Descartável,"Copo Descartável Material: Plástico , Capacidade: 200 ML, Características Adicionais: Pacote 100 Unidades",Material,618310,618310,catmat,250.000000,Unidade,79.870000,19967.500000,101-1000,2024Q3,3,5.570000,0.880000,84.431818,mad_units,false,,https://repositorio.dados.gov.br/seges/comprasgov/anual/2024/comprasGOV-anual-VW_FT_PNCP_COMPRA_ITEM-2024.csv,https://repositorio.dados.gov.br/seges/comprasgov/anual/2024/comprasGOV-anual-VW_FT_PNCP_COMPRA-2024.csv,32504706000187-1-000149/2024,https://pncp.gov.br/app/editais/32504706000187-1-000149/2024
28,45006805900712024,4500680590071202400050,32512501000143-1-000102/2024,32512501000143-1-000102/2024,32512501000143,MUNICIPIO DE VOLTA REDONDA,PREFEITURA MUNICIPAL DE VOLTA REDONDA-RJ,VOLTA REDONDA,RJ,3306305,Pregão - Eletrônico,,,Fita adesiva,"Fita Adesiva Material: Acetato Celulose , Tipo: Auto-Adesiva , Largura: 12 MM, Comprimento: 10 M, Cor: Transparente",Material,617019,617019,catmat,500.000000,"Pacote 10,00 UN",58.950000,29475.000000,101-1000,2024Q3,3,3.340000,0.700000,79.442857,mad_units,false,,https://repositorio.dados.gov.br/seges/comprasgov/anual/2024/comprasGOV-anual-VW_FT_PNCP_COMPRA_ITEM-2024.csv,https://repositorio.dados.gov.br/seges/comprasgov/anual/2024/comprasGOV-anual-VW_FT_PNCP_COMPRA-2024.csv,32512501000143-1-000102/2024,https://pncp.gov.br/app/editais/32512501000143-1-000102/2024
29,92668706900452024,9266870690045202400001,32504706000187-1-000107/2024,32504706000187-1-000107/2024,32504706000187,SERVICO AUTONOMO DE AGUA E ESGOTO SAAE,SERVICO AUTON DE AGUA E ESG DE VOLTA REDONDA,VOLTA REDONDA,RJ,3306305,Dispensa,,,Serviços de plotagem,Serviços de plotagem,Serviço,24902,24902,both,1.000000,UNIDADE,6338.900000,6338.900000,1,2024Q3,3,160.000000,80.000000,77.236250,mad_units,false,,https://repositorio.dados.gov.br/seges/comprasgov/anual/2024/comprasGOV-anual-VW_FT_PNCP_COMPRA_ITEM-2024.csv,https://repositorio.dados.gov.br/seges/comprasgov/anual/2024/comprasGOV-anual-VW_FT_PNCP_COMPRA-2024.csv,32504706000187-1-000107/2024,https://pncp.gov.br/app/editais/32504706000187-1-000107/2024
30,92668707000332024,9266870700033202400004,32504706000187-1-000135/2024,32504706000187-1-000135/2024,32504706000187,SERVICO AUTONOMO DE AGUA E ESGOTO SAAE,SERVICO AUTON DE AGUA E ESG DE VOLTA REDONDA,VOLTA REDONDA,RJ,3306305,Inexigibilidade,28683597000135,HIDEO NAKAYAMA IMPORTAC EXPORTACAO COM E INDUSTRIA LTDA,"Detector Gás características adicionais: tela c/ visor, ajuste digital, alarmes, material invólucro: gabinete metálico, tipo: portátil, tipo gás: oxigênio, uso: para monitoramento do ar em espaços confinados","Detector Gás características adicionais: tela c/ visor, ajuste digital, alarmes, material invólucro: gabinete metálico, tipo: portátil, tipo gás: oxigênio, uso: para monitoramento do ar em espaços confinados",Material,617520,617520,catmat,1.000000,Unidade,474.850000,474.850000,1,2024Q3,4,43.970000,5.830000,73.907376,mad_units,false,,https://repositorio.dados.gov.br/seges/comprasgov/anual/2024/comprasGOV-anual-VW_FT_PNCP_COMPRA_ITEM-2024.csv,https://repositorio.dados.gov.br/seges/comprasgov/anual/2024/comprasGOV-anual-VW_FT_PNCP_COMPRA-2024.csv,32504706000187-1-000135/2024,https://pncp.gov.br/app/editais/32504706000187-1-000135/2024
31,45006805900712024,4500680590071202400196,32512501000143-1-000102/2024,32512501000143-1-000102/2024,32512501000143,MUNICIPIO DE VOLTA REDONDA,PREFEITURA MUNICIPAL DE VOLTA REDONDA-RJ,VOLTA REDONDA,RJ,3306305,Pregão - Eletrônico,,,Haste flexível,"Haste Flexível Material Haste: Plástico , Material Ponta: Algodão , Aplicação: Higiene Pessoal , Características Adicionais: Com 2 Pontas",Material,481317,481317,catmat,150.000000,Unidade,148.990000,22348.500000,101-1000,2024Q3,3,3.550000,2.150000,67.646512,mad_units,false,,https://repositorio.dados.gov.br/seges/comprasgov/anual/2024/comprasGOV-anual-VW_FT_PNCP_COMPRA_ITEM-2024.csv,https://repositorio.dados.gov.br/seges/comprasgov/anual/2024/comprasGOV-anual-VW_FT_PNCP_COMPRA-2024.csv,32512501000143-1-000102/2024,https://pncp.gov.br/app/editais/32512501000143-1-000102/2024
32,92668705900812024,9266870590081202400060,32504706000187-1-000168/2024,32504706000187-1-000168/2024,32504706000187,SERVICO AUTONOMO DE AGUA E ESGOTO SAAE,SERVICO AUTON DE AGUA E ESG DE VOLTA REDONDA,VOLTA REDONDA,RJ,3306305,Pregão - Eletrônico,,,Disjuntor média tensão,"Disjuntor Média Tensão Características Adicionais: Caixa Moldada , Capacidade Interrupção Simétrica: 25 KA, Aplicação: Instalação Elétrica , Classe Tensão: 380 V, Corrente Nominal: 80 A, Tipo: Tripolar",Material,616962,616962,catmat,2.000000,Unidade,4926.160000,9852.320000,2-10,2024Q3,9,121.500000,72.340000,66.417750,mad_units,false,,https://repositorio.dados.gov.br/seges/comprasgov/anual/2024/comprasGOV-anual-VW_FT_PNCP_COMPRA_ITEM-2024.csv,https://repositorio.dados.gov.br/seges/comprasgov/anual/2024/comprasGOV-anual-VW_FT_PNCP_COMPRA-2024.csv,32504706000187-1-000168/2024,https://pncp.gov.br/app/editais/32504706000187-1-000168/2024
33,92685005900492024,9268500590049202400008,39563911000162-1-000050/2024,39563911000162-1-000050/2024,39563911000162,FUNDO MUNICIPAL DE SAUDE PMVR SMS,FUNDO MUNICIPAL DE SAÚDE DE VOLTA REDONDA-RJ,VOLTA REDONDA,RJ,3306305,Pregão - Eletrônico,,,Metformina cloridrato,,Material,,,none,1080.000000,Comprimido,0.770000,831.600000,1001+,2024Q2,3,0.110000,0.010000,66.000000,mad_units,false,,https://repositorio.dados.gov.br/seges/comprasgov/anual/2024/comprasGOV-anual-VW_FT_PNCP_COMPRA_ITEM-2024.csv,https://repositorio.dados.gov.br/seges/comprasgov/anual/2024/comprasGOV-anual-VW_FT_PNCP_COMPRA-2024.csv,39563911000162-1-000050/2024,https://pncp.gov.br/app/editais/39563911000162-1-000050/2024
34,45006805901362024,4500680590136202400001,32512501000143-1-000223/2024,32512501000143-1-000223/2024,32512501000143,MUNICIPIO DE VOLTA REDONDA,PREFEITURA MUNICIPAL DE VOLTA REDONDA-RJ,VOLTA REDONDA,RJ,3306305,Pregão - Eletrônico,32168761000143,BSX EMPREENDIMENTOS LTDA,Água mineral natural,"ÁGUA MINERAL NATURAL, TIPO SEM GÁS, MATERIAL EMBALAGEM PLÁSTICO, TIPOEMBALAGEM DESCARTÁVEL",Material,445484,445484,catmat,1250.000000,"Copo 200,00 ML",26.000000,32500.000000,1001+,2024Q4,18,1.020000,0.385000,64.883117,mad_units,false,,https://repositorio.dados.gov.br/seges/comprasgov/anual/2024/comprasGOV-anual-VW_FT_PNCP_COMPRA_ITEM-2024.csv,https://repositorio.dados.gov.br/seges/comprasgov/anual/2024/comprasGOV-anual-VW_FT_PNCP_COMPRA-2024.csv,32512501000143-1-000223/2024,https://pncp.gov.br/app/editais/32512501000143-1-000223/2024
35,45006805901362024,4500680590136202400002,32512501000143-1-000223/2024,32512501000143-1-000223/2024,32512501000143,MUNICIPIO DE VOLTA REDONDA,PREFEITURA MUNICIPAL DE VOLTA REDONDA-RJ,VOLTA REDONDA,RJ,3306305,Pregão - Eletrônico,32168761000143,BSX EMPREENDIMENTOS LTDA,Água mineral natural,"ÁGUA MINERAL NATURAL, TIPO SEM GÁS, MATERIAL EMBALAGEM PLÁSTICO, TIPOEMBALAGEM DESCARTÁVEL",Material,445484,445484,catmat,3750.000000,"Copo 200,00 ML",26.000000,97500.000000,1001+,2024Q4,18,1.020000,0.385000,64.883117,mad_units,false,,https://repositorio.dados.gov.br/seges/comprasgov/anual/2024/comprasGOV-anual-VW_FT_PNCP_COMPRA_ITEM-2024.csv,https://repositorio.dados.gov.br/seges/comprasgov/anual/2024/comprasGOV-anual-VW_FT_PNCP_COMPRA-2024.csv,32512501000143-1-000223/2024,https://pncp.gov.br/app/editais/32512501000143-1-000223/2024
36,45006805901392024,4500680590139202400002,32512501000143-1-000233/2024,32512501000143-1-000233/2024,32512501000143,MUNICIPIO DE VOLTA REDONDA,PREFEITURA MUNICIPAL DE VOLTA REDONDA-RJ,VOLTA REDONDA,RJ,3306305,Pregão - Eletrônico,27245057000107,IN MOVING EVENTOS ESTRUTURAS E SERVICOS LTDA,Locação bens móveis,Locação bens móveis,Serviço,22888,22888,both,2250.000000,UN,100.000000,225000.000000,1001+,2024Q4,5,4.000000,1.530000,62.745098,mad_units,false,,https://repositorio.dados.gov.br/seges/comprasgov/anual/2024/comprasGOV-anual-VW_FT_PNCP_COMPRA_ITEM-2024.csv,https://repositorio.dados.gov.br/seges/comprasgov/anual/2024/comprasGOV-anual-VW_FT_PNCP_COMPRA-2024.csv,32512501000143-1-000233/2024,https://pncp.gov.br/app/editais/32512501000143-1-000233/2024
37,92685005900772024,9268500590077202400094,39563911000162-1-000102/2024,39563911000162-1-000102/2024,39563911000162,FUNDO MUNICIPAL DE SAUDE PMVR SMS,FUNDO MUNICIPAL DE SAÚDE DE VOLTA REDONDA-RJ,VOLTA REDONDA,RJ,3306305,Pregão - Eletrônico,,,Insulina,,Material,,,none,1008.000000,"Frasco 10,00 ML",199.200000,200793.600000,1001+,2024Q3,3,26.700000,3.190000,54.075235,mad_units,false,,https://repositorio.dados.gov.br/seges/comprasgov/anual/2024/comprasGOV-anual-VW_FT_PNCP_COMPRA_ITEM-2024.csv,https://repositorio.dados.gov.br/seges/comprasgov/anual/2024/comprasGOV-anual-VW_FT_PNCP_COMPRA-2024.csv,39563911000162-1-000102/2024,https://pncp.gov.br/app/editais/39563911000162-1-000102/2024
38,92668706900742024,9266870690074202400003,32504706000187-1-000192/2024,32504706000187-1-000192/2024,32504706000187,SERVICO AUTONOMO DE AGUA E ESGOTO SAAE,SERVICO AUTON DE AGUA E ESG DE VOLTA REDONDA,VOLTA REDONDA,RJ,3306305,Dispensa,,,Letreiro Luminoso,"Letreiro Luminoso Tipo Painel: Uso Interno, Potência: 600W, Tensão: 220V, Tipo De Led: Colorido, Características Adicionais: Acompanha Suporte De Fixação",Material,616534,616534,catmat,1.000000,Unidade,900.000000,900.000000,1,2024Q4,3,5285.000000,85.000000,51.588235,mad_units,false,,https://repositorio.dados.gov.br/seges/comprasgov/anual/2024/comprasGOV-anual-VW_FT_PNCP_COMPRA_ITEM-2024.csv,https://repositorio.dados.gov.br/seges/comprasgov/anual/2024/comprasGOV-anual-VW_FT_PNCP_COMPRA-2024.csv,32504706000187-1-000192/2024,https://pncp.gov.br/app/editais/32504706000187-1-000192/2024
39,45006805000672024,4500680500067202400001,32512501000143-1-000137/2024,32512501000143-1-000137/2024,32512501000143,MUNICIPIO DE VOLTA REDONDA,PREFEITURA MUNICIPAL DE VOLTA REDONDA-RJ,VOLTA REDONDA,RJ,3306305,Pregão - Presencial,00098542000149,DELICIAS DA VOVO DE VOLTA REDONDA BUFFET E RESTAURANTE LTDA,Buffet,"Contratação de Empresa Especializada
no serviços de Bufett para
ALIMENTAÇÃO (ALMOÇO), conforme
especificações para seus Eventos e
Competições, a Secretaria Municipal de
Esporte e Lazer, iniciou este ETP, que
visa a Contratação de Empresa
Especializada na Prestação de
Serviços de Buffet, compreendendo
toda estrutura de montagem do serviço,
gôndolas de self service, mesas e
cadeiras, prat",Serviço,12807,12807,both,1.000000,UN,349500.000000,349500.000000,1,2024Q4,18,9750.000000,6812.500000,49.871560,mad_units,false,,https://repositorio.dados.gov.br/seges/comprasgov/anual/2024/comprasGOV-anual-VW_FT_PNCP_COMPRA_ITEM-2024.csv,https://repositorio.dados.gov.br/seges/comprasgov/anual/2024/comprasGOV-anual-VW_FT_PNCP_COMPRA-2024.csv,32512501000143-1-000137/2024,https://pncp.gov.br/app/editais/32512501000143-1-000137/2024
40,92685005901352024,9268500590135202400098,39563911000162-1-000165/2024,39563911000162-1-000165/2024,39563911000162,FUNDO MUNICIPAL DE SAUDE PMVR SMS,FUNDO MUNICIPAL DE SAÚDE DE VOLTA REDONDA-RJ,VOLTA REDONDA,RJ,3306305,Pregão - Eletrônico,,,Manitol,"Manitol Dosagem: 20%, Forma Farmacêutica: Solução Injetável, Características Adicionais: Sistema Fechado",Material,299675,299675,catmat,8700.000000,"Frasco 250,00 ML",10.830000,94221.000000,1001+,2024Q4,4,8.125000,0.055000,49.181818,mad_units,false,,https://repositorio.dados.gov.br/seges/comprasgov/anual/2024/comprasGOV-anual-VW_FT_PNCP_COMPRA_ITEM-2024.csv,https://repositorio.dados.gov.br/seges/comprasgov/anual/2024/comprasGOV-anual-VW_FT_PNCP_COMPRA-2024.csv,39563911000162-1-000165/2024,https://pncp.gov.br/app/editais/39563911000162-1-000165/2024
41,92685005901352024,9268500590135202400104,39563911000162-1-000165/2024,39563911000162-1-000165/2024,39563911000162,FUNDO MUNICIPAL DE SAUDE PMVR SMS,FUNDO MUNICIPAL DE SAÚDE DE VOLTA REDONDA-RJ,VOLTA REDONDA,RJ,3306305,Pregão - Eletrônico,,,Metilprednisolona,"Metilprednisolona Princípio Ativo: Sal Succinato, Dosagem: 500MG, Apresentação: Pó Liofilizado + Diluente, Injetável",Material,271599,271599,catmat,1650.000000,Frasco-Ampola,32.610000,53806.500000,1001+,2024Q4,4,16.500000,0.340000,47.382353,mad_units,false,,https://repositorio.dados.gov.br/seges/comprasgov/anual/2024/comprasGOV-anual-VW_FT_PNCP_COMPRA_ITEM-2024.csv,https://repositorio.dados.gov.br/seges/comprasgov/anual/2024/comprasGOV-anual-VW_FT_PNCP_COMPRA-2024.csv,39563911000162-1-000165/2024,https://pncp.gov.br/app/editais/39563911000162-1-000165/2024
42,92668705900812024,9266870590081202400040,32504706000187-1-000168/2024,32504706000187-1-000168/2024,32504706000187,SERVICO AUTONOMO DE AGUA E ESGOTO SAAE,SERVICO AUTON DE AGUA E ESG DE VOLTA REDONDA,VOLTA REDONDA,RJ,3306305,Pregão - Eletrônico,50889102000188,E.G.A REDE ELETRICA LTDA,Disjuntor média tensão,"Disjuntor Média Tensão Características Adicionais: Caixa Moldada , Capacidade Interrupção Simétrica: 25 KA, Aplicação: Instalação Elétrica , Classe Tensão: 380 V, Corrente Nominal: 80 A, Tipo: Tripolar",Material,616962,616962,catmat,4.000000,Unidade,2700.000000,10800.000000,2-10,2024Q4,40,97.000000,58.960000,44.148575,mad_units,false,,https://repositorio.dados.gov.br/seges/comprasgov/anual/2024/comprasGOV-anual-VW_FT_PNCP_COMPRA_ITEM-2024.csv,https://repositorio.dados.gov.br/seges/comprasgov/anual/2024/comprasGOV-anual-VW_FT_PNCP_COMPRA-2024.csv,32504706000187-1-000168/2024,https://pncp.gov.br/app/editais/32504706000187-1-000168/2024
43,45006805900772024,4500680590077202400098,32512501000143-1-000141/2024,32512501000143-1-000141/2024,32512501000143,MUNICIPIO DE VOLTA REDONDA,PREFEITURA MUNICIPAL DE VOLTA REDONDA-RJ,VOLTA REDONDA,RJ,3306305,Pregão - Eletrônico,55389524000108,THENZO COMERCIO E SERVICOS LTDA,Sabão pasta,"Sabão Pasta Composição: Glicerina, Tensoativo Aniônico E Carboidrato , Aplicação: Limpeza Pesada Com Ação Desengraxante",Material,287791,287791,catmat,500.000000,Unidade,7.500000,3750.000000,101-1000,2024Q4,3,5.370000,0.050000,42.600000,mad_units,false,,https://repositorio.dados.gov.br/seges/comprasgov/anual/2024/comprasGOV-anual-VW_FT_PNCP_COMPRA_ITEM-2024.csv,https://repositorio.dados.gov.br/seges/comprasgov/anual/2024/comprasGOV-anual-VW_FT_PNCP_COMPRA-2024.csv,32512501000143-1-000141/2024,https://pncp.gov.br/app/editais/32512501000143-1-000141/2024
44,92685005901352024,9268500590135202400040,39563911000162-1-000165/2024,39563911000162-1-000165/2024,39563911000162,FUNDO MUNICIPAL DE SAUDE PMVR SMS,FUNDO MUNICIPAL DE SAÚDE DE VOLTA REDONDA-RJ,VOLTA REDONDA,RJ,3306305,Pregão - Eletrônico,,,Ciprofloxacino Cloridrato,"Ciprofloxacino Cloridrato Dosagem: 2MG/ML, Apresentação: Solução Injetável",Material,292418,292418,catmat,5900.000000,"Frasco 100,00 ML",33.910000,200069.000000,1001+,2024Q4,9,8.400000,0.600000,42.516667,mad_units,false,,https://repositorio.dados.gov.br/seges/comprasgov/anual/2024/comprasGOV-anual-VW_FT_PNCP_COMPRA_ITEM-2024.csv,https://repositorio.dados.gov.br/seges/comprasgov/anual/2024/comprasGOV-anual-VW_FT_PNCP_COMPRA-2024.csv,39563911000162-1-000165/2024,https://pncp.gov.br/app/editais/39563911000162-1-000165/2024
45,92776105900412024,9277610590041202400004,29063294000182-1-000042/2024,29063294000182-1-000042/2024,29063294000182,SERVICO AUTONOMO HOSPITALAR,SERVIÇO AUTONOMO HOSPITALAR DE VOLTA REDONDA,VOLTA REDONDA,RJ,3306305,Pregão - Eletrônico,,,Outsourcing de Impressão - Páginas A4 - Monocromático - Excedente a Franquia sem Papel,Outsourcing de Impressão - Páginas A4 - Monocromático - Excedente a Franquia sem Papel,Serviço,26654,26654,both,12.000000,PÁGINA,30000.000000,360000.000000,11-100,2024Q2,3,1666.670000,666.670000,42.499783,mad_units,false,,https://repositorio.dados.gov.br/seges/comprasgov/anual/2024/comprasGOV-anual-VW_FT_PNCP_COMPRA_ITEM-2024.csv,https://repositorio.dados.gov.br/seges/comprasgov/anual/2024/comprasGOV-anual-VW_FT_PNCP_COMPRA-2024.csv,29063294000182-1-000042/2024,https://pncp.gov.br/app/editais/29063294000182-1-000042/2024
46,92685005901352024,9268500590135202400021,39563911000162-1-000165/2024,39563911000162-1-000165/2024,39563911000162,FUNDO MUNICIPAL DE SAUDE PMVR SMS,FUNDO MUNICIPAL DE SAÚDE DE VOLTA REDONDA-RJ,VOLTA REDONDA,RJ,3306305,Pregão - Eletrônico,,,Amoxicilina,"Amoxicilina Princípio Ativo: Associada Com Clavulanato De Potássio, Concentração: 1g + 200mg, Apresentação: Injetável",Material,271100,271100,catmat,13800.000000,Frasco-Ampola,38.750000,534750.000000,1001+,2024Q4,5,9.980000,0.680000,42.308824,mad_units,false,,https://repositorio.dados.gov.br/seges/comprasgov/anual/2024/comprasGOV-anual-VW_FT_PNCP_COMPRA_ITEM-2024.csv,https://repositorio.dados.gov.br/seges/comprasgov/anual/2024/comprasGOV-anual-VW_FT_PNCP_COMPRA-2024.csv,39563911000162-1-000165/2024,https://pncp.gov.br/app/editais/39563911000162-1-000165/2024
47,92776105900712024,9277610590071202400013,29063294000182-1-000131/2024,29063294000182-1-000131/2024,29063294000182,SERVICO AUTONOMO HOSPITALAR,SERVIÇO AUTONOMO HOSPITALAR DE VOLTA REDONDA,VOLTA REDONDA,RJ,3306305,Pregão - Eletrônico,,,Salbutamol,"Salbutamol Dosagem: 100mcg/Dose , Forma Farmacêutica: Aerosol Oral",Material,294887,294887,catmat,2000.000000,"Frasco 200,00 DOSE(S)",18.520000,37040.000000,1001+,2024Q3,4,10.725000,0.185000,42.135135,mad_units,false,,https://repositorio.dados.gov.br/seges/comprasgov/anual/2024/comprasGOV-anual-VW_FT_PNCP_COMPRA_ITEM-2024.csv,https://repositorio.dados.gov.br/seges/comprasgov/anual/2024/comprasGOV-anual-VW_FT_PNCP_COMPRA-2024.csv,29063294000182-1-000131/2024,https://pncp.gov.br/app/editais/29063294000182-1-000131/2024
48,92685005901352024,9268500590135202400084,39563911000162-1-000165/2024,39563911000162-1-000165/2024,39563911000162,FUNDO MUNICIPAL DE SAUDE PMVR SMS,FUNDO MUNICIPAL DE SAÚDE DE VOLTA REDONDA-RJ,VOLTA REDONDA,RJ,3306305,Pregão - Eletrônico,,,Flumazenil,"Flumazenil Dosagem: 0,1MG/ML, Indicação: Solução Injetável",Material,268510,268510,catmat,2800.000000,"Ampola 5,00 ML",15.240000,42672.000000,1001+,2024Q4,5,5.200000,0.240000,41.833333,mad_units,false,,https://repositorio.dados.gov.br/seges/comprasgov/anual/2024/comprasGOV-anual-VW_FT_PNCP_COMPRA_ITEM-2024.csv,https://repositorio.dados.gov.br/seges/comprasgov/anual/2024/comprasGOV-anual-VW_FT_PNCP_COMPRA-2024.csv,39563911000162-1-000165/2024,https://pncp.gov.br/app/editais/39563911000162-1-000165/2024
49,92685005900532024,9268500590053202400001,39563911000162-1-000057/2024,39563911000162-1-000057/2024,39563911000162,FUNDO MUNICIPAL DE SAUDE PMVR SMS,FUNDO MUNICIPAL DE SAÚDE DE VOLTA REDONDA-RJ,VOLTA REDONDA,RJ,3306305,Pregão - Eletrônico,86819257000195,OTICA REAL DA MATRIZ LTDA,Lente oftálmica,"LENTE OFTÁLMICA, MATERIAL RESINA, TIPO VISÃO MONOFOCAL, TIPO LENTE +/- 0,25 A+/- 2,00 DIOPTRIAS, ESFÉRICA, TIPO LENTE CILÍNDRICA DE-0,25 A-2,00 DIOPTRIAS,CILÍNDRICA, COR INCOLOR",Material,447808,447808,catmat,3700.000000,Unidade,4.890000,18093.000000,1001+,2024Q4,3,24.990000,0.500000,40.200000,mad_units,false,,https://repositorio.dados.gov.br/seges/comprasgov/anual/2024/comprasGOV-anual-VW_FT_PNCP_COMPRA_ITEM-2024.csv,https://repositorio.dados.gov.br/seges/comprasgov/anual/2024/comprasGOV-anual-VW_FT_PNCP_COMPRA-2024.csv,39563911000162-1-000057/2024,https://pncp.gov.br/app/editais/39563911000162-1-000057/2024
50,45006805901262024,4500680590126202400008,32512501000143-1-000190/2024,32512501000143-1-000190/2024,32512501000143,MUNICIPIO DE VOLTA REDONDA,PREFEITURA MUNICIPAL DE VOLTA REDONDA-RJ,VOLTA REDONDA,RJ,3306305,Pregão - Eletrônico,07174707000163,L.C. KLIEMANN,Urna Mortuária,"URNA MORTUÁRIA, MATERIAL MADEIRA, TIPO MADEIRA MDF, COR NATURAL, TIPO TAMPACOM VISOR, MATERIAL REVESTIMENTO INTERNO FORRADO EM TNT- BABADOS DE TECIDO,TIPO ALÇA FIXA SEM ARTICULAÇÃO, CARACTERÍSTICAS ADICIONAIS SEM VERNIZ- 4CHAVETAS, DIMENSÕES 1,95 X 0,60 X 0,34 M",Material,622634,622634,catmat,40.000000,Unidade,359.000000,14360.000000,11-100,2024Q4,3,550.000000,5.000000,38.200000,mad_units,false,,https://repositorio.dados.gov.br/seges/comprasgov/anual/2024/comprasGOV-anual-VW_FT_PNCP_COMPRA_ITEM-2024.csv,https://repositorio.dados.gov.br/seges/comprasgov/anual/2024/comprasGOV-anual-VW_FT_PNCP_COMPRA-2024.csv,32512501000143-1-000190/2024,https://pncp.gov.br/app/editais/32512501000143-1-000190/2024
51,45006805900442024,4500680590044202400039,32512501000143-1-000071/2024,32512501000143-1-000071/2024,32512501000143,MUNICIPIO DE VOLTA REDONDA,PREFEITURA MUNICIPAL DE VOLTA REDONDA-RJ,VOLTA REDONDA,RJ,3306305,Pregão - Eletrônico,52131706000196,52.131.706 JUAN FRANCISCO LOURENCO DA SILVA,Tinta esmalte,"TINTA ESMALTE, TIPO ACABAMENTO SINTÉTICO, COR PRATA, MATERIAL BASE RESINAALQUÍDICA, CARACTERÍSTICAS ADICIONAIS BRILHANTE",Material,616756,616756,catmat,62.000000,Litro,172.500000,10695.000000,11-100,2024Q3,7,70.900000,2.700000,37.629630,mad_units,false,,https://repositorio.dados.gov.br/seges/comprasgov/anual/2024/comprasGOV-anual-VW_FT_PNCP_COMPRA_ITEM-2024.csv,https://repositorio.dados.gov.br/seges/comprasgov/anual/2024/comprasGOV-anual-VW_FT_PNCP_COMPRA-2024.csv,32512501000143-1-000071/2024,https://pncp.gov.br/app/editais/32512501000143-1-000071/2024
52,92685005900842024,9268500590084202400007,39563911000162-1-000095/2024,39563911000162-1-000095/2024,39563911000162,FUNDO MUNICIPAL DE SAUDE PMVR SMS,FUNDO MUNICIPAL DE SAÚDE DE VOLTA REDONDA-RJ,VOLTA REDONDA,RJ,3306305,Pregão - Eletrônico,,,Esfigmomanômetro,,Material,,,none,25.000000,Unidade,1512.450000,37811.250000,11-100,2024Q3,3,107.800000,37.900000,37.062005,mad_units,false,,https://repositorio.dados.gov.br/seges/comprasgov/anual/2024/comprasGOV-anual-VW_FT_PNCP_COMPRA_ITEM-2024.csv,https://repositorio.dados.gov.br/seges/comprasgov/anual/2024/comprasGOV-anual-VW_FT_PNCP_COMPRA-2024.csv,39563911000162-1-000095/2024,https://pncp.gov.br/app/editais/39563911000162-1-000095/2024
53,92685005901352024,9268500590135202400012,39563911000162-1-000165/2024,39563911000162-1-000165/2024,39563911000162,FUNDO MUNICIPAL DE SAUDE PMVR SMS,FUNDO MUNICIPAL DE SAÚDE DE VOLTA REDONDA-RJ,VOLTA REDONDA,RJ,3306305,Pregão - Eletrônico,,,Adenosina,"Adenosina Dosagem: 3MG/ML, Indicação: Solução Injetável",Material,278281,278281,catmat,560.000000,"Ampola 2,00 ML",10.890000,6098.400000,101-1000,2024Q4,3,12.000000,0.030000,37.000000,mad_units,false,,https://repositorio.dados.gov.br/seges/comprasgov/anual/2024/comprasGOV-anual-VW_FT_PNCP_COMPRA_ITEM-2024.csv,https://repositorio.dados.gov.br/seges/comprasgov/anual/2024/comprasGOV-anual-VW_FT_PNCP_COMPRA-2024.csv,39563911000162-1-000165/2024,https://pncp.gov.br/app/editais/39563911000162-1-000165/2024
54,45006803900132024,4500680390013202400001,32512501000143-1-000111/2024,32512501000143-1-000111/2024,32512501000143,MUNICIPIO DE VOLTA REDONDA,PREFEITURA MUNICIPAL DE VOLTA REDONDA-RJ,VOLTA REDONDA,RJ,3306305,Concorrência - Eletrônica,45825859000178,CONSTRUTALK ENGENHARIA LTDA,Manutenção / reforma predial,"Execução de obra de reforma e acréscimo da Escola Municipal Professor Paulo Freire, localizada à Rua Via B13, nº 79, Bairro São Sebastião, Volta Redonda/RJ.",Serviço,1627,1627,both,1.000000,UN,4877534.130000,4877534.130000,1,2024Q4,11,163900.000000,127680.700000,36.917358,mad_units,false,,https://repositorio.dados.gov.br/seges/comprasgov/anual/2024/comprasGOV-anual-VW_FT_PNCP_COMPRA_ITEM-2024.csv,https://repositorio.dados.gov.br/seges/comprasgov/anual/2024/comprasGOV-anual-VW_FT_PNCP_COMPRA-2024.csv,32512501000143-1-000111/2024,https://pncp.gov.br/app/editais/32512501000143-1-000111/2024
55,92668703900132024,9266870390013202400001,32504706000187-1-000204/2024,32504706000187-1-000204/2024,32504706000187,SERVICO AUTONOMO DE AGUA E ESGOTO SAAE,SERVICO AUTON DE AGUA E ESG DE VOLTA REDONDA,VOLTA REDONDA,RJ,3306305,Concorrência - Eletrônica,04595063000199,CONTATTO ENGENHARIA E CONSTRUCOES LTDA,"Obras Civis de Saneamento - Captação, Adução e  Distribuiçãode Água e Esgoto Sanitário","Obras Civis de Saneamento - Captação, Adução e  Distribuiçãode Água e Esgoto Sanitário",Serviço,1872,1872,both,1.000000,UN,1589200.000000,1589200.000000,1,2024Q4,7,122507.570000,40643.590000,36.086685,mad_units,false,,https://repositorio.dados.gov.br/seges/comprasgov/anual/2024/comprasGOV-anual-VW_FT_PNCP_COMPRA_ITEM-2024.csv,https://repositorio.dados.gov.br/seges/comprasgov/anual/2024/comprasGOV-anual-VW_FT_PNCP_COMPRA-2024.csv,32504706000187-1-000204/2024,https://pncp.gov.br/app/editais/32504706000187-1-000204/2024
56,45006807000362024,4500680700036202400001,32512501000143-1-000053/2024,32512501000143-1-000053/2024,32512501000143,MUNICIPIO DE VOLTA REDONDA,PREFEITURA MUNICIPAL DE VOLTA REDONDA-RJ,VOLTA REDONDA,RJ,3306305,Inexigibilidade,00495290000191,ACLARA PRODUCOES ARTISTICAS LTDA,Apresentação Artística / Musical / Canto / Coral Apresentação Artística / Musical / Canto / Coral,,Serviço,,,none,1.000000,UNIDADE,54000.000000,54000.000000,1,2024Q2,4,1530.000000,0.000000,35.294118,price_over_median,false,,https://repositorio.dados.gov.br/seges/comprasgov/anual/2024/comprasGOV-anual-VW_FT_PNCP_COMPRA_ITEM-2024.csv,https://repositorio.dados.gov.br/seges/comprasgov/anual/2024/comprasGOV-anual-VW_FT_PNCP_COMPRA-2024.csv,32512501000143-1-000053/2024,https://pncp.gov.br/app/editais/32512501000143-1-000053/2024
57,92776107000532024,9277610700053202400001,29063294000182-1-000050/2024,29063294000182-1-000050/2024,29063294000182,SERVICO AUTONOMO HOSPITALAR,SERVIÇO AUTONOMO HOSPITALAR DE VOLTA REDONDA,VOLTA REDONDA,RJ,3306305,Inexigibilidade,00029372000302,GE HEALTHCARE DO BRASIL COMERCIO E SERVICOS PARA EQUIPAMENTOS MEDICO-HOSPITALARE,Manutenção e Reparo em Equipamento - Uso Médico Manutenção e Reparo em Equipamento - Uso Médico,Manutenção e Reparo em Equipamento - Uso Médico Manutenção e Reparo em Equipamento - Uso Médico,Serviço,16055,16055,both,1.000000,UNIDADE,12064.000000,12064.000000,1,2024Q2,15,388.590000,338.850000,34.455983,mad_units,false,,https://repositorio.dados.gov.br/seges/comprasgov/anual/2024/comprasGOV-anual-VW_FT_PNCP_COMPRA_ITEM-2024.csv,https://repositorio.dados.gov.br/seges/comprasgov/anual/2024/comprasGOV-anual-VW_FT_PNCP_COMPRA-2024.csv,29063294000182-1-000050/2024,https://pncp.gov.br/app/editais/29063294000182-1-000050/2024
58,92685005900782024,9268500590078202400042,39563911000162-1-000094/2024,39563911000162-1-000094/2024,39563911000162,FUNDO MUNICIPAL DE SAUDE PMVR SMS,FUNDO MUNICIPAL DE SAÚDE DE VOLTA REDONDA-RJ,VOLTA REDONDA,RJ,3306305,Pregão - Eletrônico,22810157000115,NOVA DENTAL COMERCIO E SERVICOS LTDA,Lima uso odontológico,"LIMA USO ODONTOLÓGICO, MATERIAL NÍQUEL/ TITÂNIO, MODELO ENDODÔNTICA, SISTEMARECIPROCANTE, COMPRIMENTO 25 MM, APLICAÇÃO COMPATÍVEL C/ CONTRA ÂNGULO ESISTEMA OSCILATÓRIO, TAMANHO R50",Material,608102,608102,catmat,80.000000,Unidade,60.900000,4872.000000,11-100,2024Q4,5,76.490000,0.460000,33.891304,mad_units,false,,https://repositorio.dados.gov.br/seges/comprasgov/anual/2024/comprasGOV-anual-VW_FT_PNCP_COMPRA_ITEM-2024.csv,https://repositorio.dados.gov.br/seges/comprasgov/anual/2024/comprasGOV-anual-VW_FT_PNCP_COMPRA-2024.csv,39563911000162-1-000094/2024,https://pncp.gov.br/app/editais/39563911000162-1-000094/2024
59,45006805900452024,4500680590045202400004,32512501000143-1-000050/2024,32512501000143-1-000050/2024,32512501000143,MUNICIPIO DE VOLTA REDONDA,PREFEITURA MUNICIPAL DE VOLTA REDONDA-RJ,VOLTA REDONDA,RJ,3306305,Pregão - Eletrônico,39421287000169,ULTRA MAX COMERCIAL LTDA,Balde,"BALDE, MATERIAL POLIPROPILENO, CAPACIDADE 20 L, CARACTERÍSTICAS ADICIONAISAUTOCLAVÁVEL, GRADUAÇÃO EM SILKSCREEN, COM ALÇA",Material,367126,367126,catmat,1766.000000,Unidade,9.980000,17624.680000,1001+,2024Q3,3,7.280000,0.080000,33.750000,mad_units,false,,https://repositorio.dados.gov.br/seges/comprasgov/anual/2024/comprasGOV-anual-VW_FT_PNCP_COMPRA_ITEM-2024.csv,https://repositorio.dados.gov.br/seges/comprasgov/anual/2024/comprasGOV-anual-VW_FT_PNCP_COMPRA-2024.csv,32512501000143-1-000050/2024,https://pncp.gov.br/app/editais/32512501000143-1-000050/2024
60,92668705900642024,9266870590064202400008,32504706000187-1-000140/2024,32504706000187-1-000140/2024,32504706000187,SERVICO AUTONOMO DE AGUA E ESGOTO SAAE,SERVICO AUTON DE AGUA E ESG DE VOLTA REDONDA,VOLTA REDONDA,RJ,3306305,Pregão - Eletrônico,08238866000147,ADONEX COMERCIO DE PRODUTOS PARA LABORATORIO LTDA,Solução Padrão,"Solução Padrão Tipo: Conjunto Completo , Concentração: Até 7500 Ntu , Característica Adicional: Até 6 Padrões",Material,428426,428426,catmat,1.000000,Unidade,1153.000000,1153.000000,1,2024Q4,12,109.820000,31.150000,33.488925,mad_units,false,,https://repositorio.dados.gov.br/seges/comprasgov/anual/2024/comprasGOV-anual-VW_FT_PNCP_COMPRA_ITEM-2024.csv,https://repositorio.dados.gov.br/seges/comprasgov/anual/2024/comprasGOV-anual-VW_FT_PNCP_COMPRA-2024.csv,32504706000187-1-000140/2024,https://pncp.gov.br/app/editais/32504706000187-1-000140/2024
61,92668705900642024,9266870590064202400019,32504706000187-1-000140/2024,32504706000187-1-000140/2024,32504706000187,SERVICO AUTONOMO DE AGUA E ESGOTO SAAE,SERVICO AUTON DE AGUA E ESG DE VOLTA REDONDA,VOLTA REDONDA,RJ,3306305,Pregão - Eletrônico,02954521000103,CERTILAB PRODUTOS E SERVICOS PARA LABORATORIO LTDA,Solução Padrão,"Solução Padrão Tipo: Conjunto Completo , Concentração: Até 7500 Ntu , Característica Adicional: Até 6 Padrões",Material,428426,428426,catmat,1.000000,Unidade,1144.000000,1144.000000,1,2024Q4,12,109.820000,31.150000,33.200000,mad_units,false,,https://repositorio.dados.gov.br/seges/comprasgov/anual/2024/comprasGOV-anual-VW_FT_PNCP_COMPRA_ITEM-2024.csv,https://repositorio.dados.gov.br/seges/comprasgov/anual/2024/comprasGOV-anual-VW_FT_PNCP_COMPRA-2024.csv,32504706000187-1-000140/2024,https://pncp.gov.br/app/editais/32504706000187-1-000140/2024
62,92685005901352024,9268500590135202400056,39563911000162-1-000165/2024,39563911000162-1-000165/2024,39563911000162,FUNDO MUNICIPAL DE SAUDE PMVR SMS,FUNDO MUNICIPAL DE SAÚDE DE VOLTA REDONDA-RJ,VOLTA REDONDA,RJ,3306305,Pregão - Eletrônico,,,Clorexidina Digluconato,"Clorexidina Digluconato Concentração: 0,12%, Forma Farmacêutica: Colutório",Material,341174,341174,catmat,1400.000000,"Frasco 100,00 ML",21.020000,29428.000000,1001+,2024Q4,5,5.150000,0.480000,33.062500,mad_units,false,,https://repositorio.dados.gov.br/seges/comprasgov/anual/2024/comprasGOV-anual-VW_FT_PNCP_COMPRA_ITEM-2024.csv,https://repositorio.dados.gov.br/seges/comprasgov/anual/2024/comprasGOV-anual-VW_FT_PNCP_COMPRA-2024.csv,39563911000162-1-000165/2024,https://pncp.gov.br/app/editais/39563911000162-1-000165/2024
63,92685005901352024,9268500590135202400060,39563911000162-1-000165/2024,39563911000162-1-000165/2024,39563911000162,FUNDO MUNICIPAL DE SAUDE PMVR SMS,FUNDO MUNICIPAL DE SAÚDE DE VOLTA REDONDA-RJ,VOLTA REDONDA,RJ,3306305,Pregão - Eletrônico,,,Daptomicina,"Daptomicina Concentração: 500MG, Forma Farmacêutica: Pó Liófilo P/ Injetável",Material,373415,373415,catmat,200.000000,Frasco-Ampola,332.320000,66464.000000,101-1000,2024Q4,4,133.352500,6.145000,32.378763,mad_units,false,,https://repositorio.dados.gov.br/seges/comprasgov/anual/2024/comprasGOV-anual-VW_FT_PNCP_COMPRA_ITEM-2024.csv,https://repositorio.dados.gov.br/seges/comprasgov/anual/2024/comprasGOV-anual-VW_FT_PNCP_COMPRA-2024.csv,39563911000162-1-000165/2024,https://pncp.gov.br/app/editais/39563911000162-1-000165/2024
64,92685005901352024,9268500590135202400034,39563911000162-1-000165/2024,39563911000162-1-000165/2024,39563911000162,FUNDO MUNICIPAL DE SAUDE PMVR SMS,FUNDO MUNICIPAL DE SAÚDE DE VOLTA REDONDA-RJ,VOLTA REDONDA,RJ,3306305,Pregão - Eletrônico,,,Bromoprida,"Bromoprida Dosagem: 5MG/ML, Apresentação: Injetável",Material,269958,269958,catmat,49000.000000,"Ampola 2,00 ML",3.380000,165620.000000,1001+,2024Q4,5,1.440000,0.060000,32.333333,mad_units,false,,https://repositorio.dados.gov.br/seges/comprasgov/anual/2024/comprasGOV-anual-VW_FT_PNCP_COMPRA_ITEM-2024.csv,https://repositorio.dados.gov.br/seges/comprasgov/anual/2024/comprasGOV-anual-VW_FT_PNCP_COMPRA-2024.csv,39563911000162-1-000165/2024,https://pncp.gov.br/app/editais/39563911000162-1-000165/2024
65,92668705900812024,9266870590081202400041,32504706000187-1-000168/2024,32504706000187-1-000168/2024,32504706000187,SERVICO AUTONOMO DE AGUA E ESGOTO SAAE,SERVICO AUTON DE AGUA E ESG DE VOLTA REDONDA,VOLTA REDONDA,RJ,3306305,Pregão - Eletrônico,27253891000144,S.K FERNANDES AUTOMACAO INDUSTRIAL LTDA,Disjuntor média tensão,"Disjuntor Média Tensão Características Adicionais: Caixa Moldada , Capacidade Interrupção Simétrica: 25 KA, Aplicação: Instalação Elétrica , Classe Tensão: 380 V, Corrente Nominal: 80 A, Tipo: Tripolar",Material,616962,616962,catmat,2.000000,Unidade,2000.000000,4000.000000,2-10,2024Q4,40,97.000000,58.960000,32.276119,mad_units,false,,https://repositorio.dados.gov.br/seges/comprasgov/anual/2024/comprasGOV-anual-VW_FT_PNCP_COMPRA_ITEM-2024.csv,https://repositorio.dados.gov.br/seges/comprasgov/anual/2024/comprasGOV-anual-VW_FT_PNCP_COMPRA-2024.csv,32504706000187-1-000168/2024,https://pncp.gov.br/app/editais/32504706000187-1-000168/2024
66,92685005900652024,9268500590065202400161,39563911000162-1-000140/2024,39563911000162-1-000140/2024,39563911000162,FUNDO MUNICIPAL DE SAUDE PMVR SMS,FUNDO MUNICIPAL DE SAÚDE DE VOLTA REDONDA-RJ,VOLTA REDONDA,RJ,3306305,Pregão - Eletrônico,,,Lâmpada led,"Lâmpada Led Tensão Nominal: Bivolt V, Potência Nominal: 80 W, Tipo Base: E-27 , Cor: Branca , Aplicação: Para Uso  Em Geral , Temperatura De Cor: 6000 K, Frequência Nominal: 50/60 H",Material,614575,614575,catmat,500.000000,Unidade,106.520000,53260.000000,101-1000,2024Q3,5,11.120000,2.970000,32.121212,mad_units,false,,https://repositorio.dados.gov.br/seges/comprasgov/anual/2024/comprasGOV-anual-VW_FT_PNCP_COMPRA_ITEM-2024.csv,https://repositorio.dados.gov.br/seges/comprasgov/anual/2024/comprasGOV-anual-VW_FT_PNCP_COMPRA-2024.csv,39563911000162-1-000140/2024,https://pncp.gov.br/app/editais/39563911000162-1-000140/2024
67,92685005901352024,9268500590135202400100,39563911000162-1-000165/2024,39563911000162-1-000165/2024,39563911000162,FUNDO MUNICIPAL DE SAUDE PMVR SMS,FUNDO MUNICIPAL DE SAÚDE DE VOLTA REDONDA-RJ,VOLTA REDONDA,RJ,3306305,Pregão - Eletrônico,,,Meropenem,"Meropenem Dosagem: 1 G, Apresentação: Injetável",Material,268488,268488,catmat,23000.000000,Frasco-Ampola,31.190000,717370.000000,1001+,2024Q4,3,16.000000,0.500000,30.380000,mad_units,false,,https://repositorio.dados.gov.br/seges/comprasgov/anual/2024/comprasGOV-anual-VW_FT_PNCP_COMPRA_ITEM-2024.csv,https://repositorio.dados.gov.br/seges/comprasgov/anual/2024/comprasGOV-anual-VW_FT_PNCP_COMPRA-2024.csv,39563911000162-1-000165/2024,https://pncp.gov.br/app/editais/39563911000162-1-000165/2024
68,45006805900712024,4500680590071202400182,32512501000143-1-000102/2024,32512501000143-1-000102/2024,32512501000143,MUNICIPIO DE VOLTA REDONDA,PREFEITURA MUNICIPAL DE VOLTA REDONDA-RJ,VOLTA REDONDA,RJ,3306305,Pregão - Eletrônico,,,Folha cortiça,"Folha Cortiça Material: Cortiça , Espessura: 4 MM, Comprimento: 900 MM, Largura: 600 MM, Características Adicionais: Emborrachada",Material,604558,604558,catmat,350.000000,Unidade,37.640000,13174.000000,101-1000,2024Q3,13,41.140000,0.120000,29.166667,mad_units,false,,https://repositorio.dados.gov.br/seges/comprasgov/anual/2024/comprasGOV-anual-VW_FT_PNCP_COMPRA_ITEM-2024.csv,https://repositorio.dados.gov.br/seges/comprasgov/anual/2024/comprasGOV-anual-VW_FT_PNCP_COMPRA-2024.csv,32512501000143-1-000102/2024,https://pncp.gov.br/app/editais/32512501000143-1-000102/2024
69,92776105900832024,9277610590083202400001,29063294000182-1-000145/2024,29063294000182-1-000145/2024,29063294000182,SERVICO AUTONOMO HOSPITALAR,SERVIÇO AUTONOMO HOSPITALAR DE VOLTA REDONDA,VOLTA REDONDA,RJ,3306305,Pregão - Eletrônico,,,Petidina cloridrato,"Petidina Cloridrato Dosagem: 50 MG/ML, Apresentação: Solução Injetável",Material,272329,272329,catmat,200.000000,"Ampola 2,00 ML",11.080000,2216.000000,101-1000,2024Q3,4,3.700000,0.255000,28.941176,mad_units,false,,https://repositorio.dados.gov.br/seges/comprasgov/anual/2024/comprasGOV-anual-VW_FT_PNCP_COMPRA_ITEM-2024.csv,https://repositorio.dados.gov.br/seges/comprasgov/anual/2024/comprasGOV-anual-VW_FT_PNCP_COMPRA-2024.csv,29063294000182-1-000145/2024,https://pncp.gov.br/app/editais/29063294000182-1-000145/2024
70,92685005901352024,9268500590135202400078,39563911000162-1-000165/2024,39563911000162-1-000165/2024,39563911000162,FUNDO MUNICIPAL DE SAUDE PMVR SMS,FUNDO MUNICIPAL DE SAÚDE DE VOLTA REDONDA-RJ,VOLTA REDONDA,RJ,3306305,Pregão - Eletrônico,,,Etomidato,"Etomidato Dosagem: 2MG/ML, Apresentação: Solução Injetável",Material,270116,270116,catmat,2200.000000,"Ampola 10,00 ML",19.570000,43054.000000,1001+,2024Q4,4,9.790000,0.350000,27.942857,mad_units,false,,https://repositorio.dados.gov.br/seges/comprasgov/anual/2024/comprasGOV-anual-VW_FT_PNCP_COMPRA_ITEM-2024.csv,https://repositorio.dados.gov.br/seges/comprasgov/anual/2024/comprasGOV-anual-VW_FT_PNCP_COMPRA-2024.csv,39563911000162-1-000165/2024,https://pncp.gov.br/app/editais/39563911000162-1-000165/2024
71,92685005901352024,9268500590135202400117,39563911000162-1-000165/2024,39563911000162-1-000165/2024,39563911000162,FUNDO MUNICIPAL DE SAUDE PMVR SMS,FUNDO MUNICIPAL DE SAÚDE DE VOLTA REDONDA-RJ,VOLTA REDONDA,RJ,3306305,Pregão - Eletrônico,,,Omeprazol,"Omeprazol Concentração: 40MG, Uso: Injetável",Material,268160,268160,catmat,21500.000000,Frasco-Ampola,29.940000,643710.000000,1001+,2024Q4,5,9.000000,0.750000,27.920000,mad_units,false,,https://repositorio.dados.gov.br/seges/comprasgov/anual/2024/comprasGOV-anual-VW_FT_PNCP_COMPRA_ITEM-2024.csv,https://repositorio.dados.gov.br/seges/comprasgov/anual/2024/comprasGOV-anual-VW_FT_PNCP_COMPRA-2024.csv,39563911000162-1-000165/2024,https://pncp.gov.br/app/editais/39563911000162-1-000165/2024
72,92685005901352024,9268500590135202400063,39563911000162-1-000165/2024,39563911000162-1-000165/2024,39563911000162,FUNDO MUNICIPAL DE SAUDE PMVR SMS,FUNDO MUNICIPAL DE SAÚDE DE VOLTA REDONDA-RJ,VOLTA REDONDA,RJ,3306305,Pregão - Eletrônico,,,Dexmedetomidina Cloridrato,"Dexmedetomidina Cloridrato Concentraçao: 100MCG/ML, Forma Farmaceutica: Solução Injetável",Material,352204,352204,catmat,3000.000000,"Ampola 2,00 ML",19.400000,58200.000000,1001+,2024Q4,5,7.780000,0.430000,27.023256,mad_units,false,,https://repositorio.dados.gov.br/seges/comprasgov/anual/2024/comprasGOV-anual-VW_FT_PNCP_COMPRA_ITEM-2024.csv,https://repositorio.dados.gov.br/seges/comprasgov/anual/2024/comprasGOV-anual-VW_FT_PNCP_COMPRA-2024.csv,39563911000162-1-000165/2024,https://pncp.gov.br/app/editais/39563911000162-1-000165/2024
73,92668705900722024,9266870590072202400016,32504706000187-1-000141/2024,32504706000187-1-000141/2024,32504706000187,SERVICO AUTONOMO DE AGUA E ESGOTO SAAE,SERVICO AUTON DE AGUA E ESG DE VOLTA REDONDA,VOLTA REDONDA,RJ,3306305,Pregão - Eletrônico,,,Martelete,"Martelete Tipo: Demolidor , Potência: 1.510 W, Tensão Alimentação: 220",Material,485697,485697,catmat,30.000000,Unidade,159.600000,4788.000000,11-100,2024Q3,3,53.110000,4.030000,26.424318,mad_units,false,,https://repositorio.dados.gov.br/seges/comprasgov/anual/2024/comprasGOV-anual-VW_FT_PNCP_COMPRA_ITEM-2024.csv,https://repositorio.dados.gov.br/seges/comprasgov/anual/2024/comprasGOV-anual-VW_FT_PNCP_COMPRA-2024.csv,32504706000187-1-000141/2024,https://pncp.gov.br/app/editais/32504706000187-1-000141/2024
74,92685005901302024,9268500590130202400008,39563911000162-1-000161/2024,39563911000162-1-000161/2024,39563911000162,FUNDO MUNICIPAL DE SAUDE PMVR SMS,FUNDO MUNICIPAL DE SAÚDE DE VOLTA REDONDA-RJ,VOLTA REDONDA,RJ,3306305,Pregão - Eletrônico,,,Metformina cloridrato,,Material,,,none,1080.000000,Comprimido,0.770000,831.600000,1001+,2024Q4,6,0.124750,0.024750,26.070707,mad_units,false,,https://repositorio.dados.gov.br/seges/comprasgov/anual/2024/comprasGOV-anual-VW_FT_PNCP_COMPRA_ITEM-2024.csv,https://repositorio.dados.gov.br/seges/comprasgov/anual/2024/comprasGOV-anual-VW_FT_PNCP_COMPRA-2024.csv,39563911000162-1-000161/2024,https://pncp.gov.br/app/editais/39563911000162-1-000161/2024
75,92668705900812024,9266870590081202400039,32504706000187-1-000168/2024,32504706000187-1-000168/2024,32504706000187,SERVICO AUTONOMO DE AGUA E ESGOTO SAAE,SERVICO AUTON DE AGUA E ESG DE VOLTA REDONDA,VOLTA REDONDA,RJ,3306305,Pregão - Eletrônico,50889102000188,E.G.A REDE ELETRICA LTDA,Disjuntor média tensão,"Disjuntor Média Tensão Características Adicionais: Caixa Moldada , Capacidade Interrupção Simétrica: 25 KA, Aplicação: Instalação Elétrica , Classe Tensão: 380 V, Corrente Nominal: 80 A, Tipo: Tripolar",Material,616962,616962,catmat,4.000000,Unidade,1600.000000,6400.000000,2-10,2024Q4,40,97.000000,58.960000,25.491859,mad_units,false,,https://repositorio.dados.gov.br/seges/comprasgov/anual/2024/comprasGOV-anual-VW_FT_PNCP_COMPRA_ITEM-2024.csv,https://repositorio.dados.gov.br/seges/comprasgov/anual/2024/comprasGOV-anual-VW_FT_PNCP_COMPRA-2024.csv,32504706000187-1-000168/2024,https://pncp.gov.br/app/editais/32504706000187-1-000168/2024
76,92776105900962024,9277610590096202400022,29063294000182-1-000173/2024,29063294000182-1-000173/2024,29063294000182,SERVICO AUTONOMO HOSPITALAR,SERVIÇO AUTONOMO HOSPITALAR DE VOLTA REDONDA,VOLTA REDONDA,RJ,3306305,Pregão - Eletrônico,24774241000156,MEDEVICES PRODUTOS MEDICOS E HOSPITALARES LTDA,Cateter central,"Cateter Central Aplicação: Venoso / Arterial , Tipo Implante: Umbilical , Matéria Prima: Poliuretano Radiopaco , Diâmetro: Cerca 3 Fr , Vias: Mono Lúmen , Comprimento: Cerca 40 CM, Conector: Conectores Padrão, Clamp E Tampa , Tipo Uso: Estéril, Descartável, Embalagem Individual",Material,448700,448700,catmat,45.000000,Unidade,142.890000,6430.050000,11-100,2024Q4,3,13.420000,5.410000,23.931608,mad_units,false,,https://repositorio.dados.gov.br/seges/comprasgov/anual/2024/comprasGOV-anual-VW_FT_PNCP_COMPRA_ITEM-2024.csv,https://repositorio.dados.gov.br/seges/comprasgov/anual/2024/comprasGOV-anual-VW_FT_PNCP_COMPRA-2024.csv,29063294000182-1-000173/2024,https://pncp.gov.br/app/editais/29063294000182-1-000173/2024
77,92668705900842024,9266870590084202400002,32504706000187-1-000164/2024,32504706000187-1-000164/2024,32504706000187,SERVICO AUTONOMO DE AGUA E ESGOTO SAAE,SERVICO AUTON DE AGUA E ESG DE VOLTA REDONDA,VOLTA REDONDA,RJ,3306305,Pregão - Eletrônico,,,Eletrodo Medição Ph,"Eletrodo Medição Ph Tipo: Combinado Universal , Componentes: Corpo Vidro/ Conexão Bnc / Junção Cerâmica , Temperatura Trabalho: 0 A 80 °C, Características Adicionais: Sistema Ref. Ag/Agcl, Ph 0 A 14",Material,282057,282057,catmat,6.000000,Unidade,545.130000,3270.780000,2-10,2024Q3,14,29.945000,21.790000,23.643185,mad_units,false,,https://repositorio.dados.gov.br/seges/comprasgov/anual/2024/comprasGOV-anual-VW_FT_PNCP_COMPRA_ITEM-2024.csv,https://repositorio.dados.gov.br/seges/comprasgov/anual/2024/comprasGOV-anual-VW_FT_PNCP_COMPRA-2024.csv,32504706000187-1-000164/2024,https://pncp.gov.br/app/editais/32504706000187-1-000164/2024
78,92685005901352024,9268500590135202400044,39563911000162-1-000165/2024,39563911000162-1-000165/2024,39563911000162,FUNDO MUNICIPAL DE SAUDE PMVR SMS,FUNDO MUNICIPAL DE SAÚDE DE VOLTA REDONDA-RJ,VOLTA REDONDA,RJ,3306305,Pregão - Eletrônico,,,Clindamicina,"Clindamicina Dosagem: 150MG/ML, Apresentação: Solução Injetável",Material,292419,292419,catmat,10700.000000,"Ampola 4,00 ML",10.780000,115346.000000,1001+,2024Q4,8,3.230000,0.320000,23.593750,mad_units,false,,https://repositorio.dados.gov.br/seges/comprasgov/anual/2024/comprasGOV-anual-VW_FT_PNCP_COMPRA_ITEM-2024.csv,https://repositorio.dados.gov.br/seges/comprasgov/anual/2024/comprasGOV-anual-VW_FT_PNCP_COMPRA-2024.csv,39563911000162-1-000165/2024,https://pncp.gov.br/app/editais/39563911000162-1-000165/2024
79,45006805900712024,4500680590071202400052,32512501000143-1-000102/2024,32512501000143-1-000102/2024,32512501000143,MUNICIPIO DE VOLTA REDONDA,PREFEITURA MUNICIPAL DE VOLTA REDONDA-RJ,VOLTA REDONDA,RJ,3306305,Pregão - Eletrônico,,,Fita adesiva,,Material,,,none,500.000000,Unidade,11.640000,5820.000000,101-1000,2024Q3,3,3.390000,0.350000,23.571429,mad_units,false,,https://repositorio.dados.gov.br/seges/comprasgov/anual/2024/comprasGOV-anual-VW_FT_PNCP_COMPRA_ITEM-2024.csv,https://repositorio.dados.gov.br/seges/comprasgov/anual/2024/comprasGOV-anual-VW_FT_PNCP_COMPRA-2024.csv,32512501000143-1-000102/2024,https://pncp.gov.br/app/editais/32512501000143-1-000102/2024
80,92685005901352024,9268500590135202400110,39563911000162-1-000165/2024,39563911000162-1-000165/2024,39563911000162,FUNDO MUNICIPAL DE SAUDE PMVR SMS,FUNDO MUNICIPAL DE SAÚDE DE VOLTA REDONDA-RJ,VOLTA REDONDA,RJ,3306305,Pregão - Eletrônico,,,Morfina,"Morfina Apresentação: Sulfato, Concentração: 10mg",Material,271392,271392,catmat,19400.000000,Comprimido,1.230000,23862.000000,1001+,2024Q4,4,0.550000,0.030000,22.666667,mad_units,false,,https://repositorio.dados.gov.br/seges/comprasgov/anual/2024/comprasGOV-anual-VW_FT_PNCP_COMPRA_ITEM-2024.csv,https://repositorio.dados.gov.br/seges/comprasgov/anual/2024/comprasGOV-anual-VW_FT_PNCP_COMPRA-2024.csv,39563911000162-1-000165/2024,https://pncp.gov.br/app/editais/39563911000162-1-000165/2024
81,92685005900772024,9268500590077202400177,39563911000162-1-000102/2024,39563911000162-1-000102/2024,39563911000162,FUNDO MUNICIPAL DE SAUDE PMVR SMS,FUNDO MUNICIPAL DE SAÚDE DE VOLTA REDONDA-RJ,VOLTA REDONDA,RJ,3306305,Pregão - Eletrônico,,,Salmeterol xinafoato,,Material,,,none,12.000000,"Embalagem 60,00 DOSE(S)",83.420000,1001.040000,11-100,2024Q3,3,110.040000,1.180000,22.559322,mad_units,false,,https://repositorio.dados.gov.br/seges/comprasgov/anual/2024/comprasGOV-anual-VW_FT_PNCP_COMPRA_ITEM-2024.csv,https://repositorio.dados.gov.br/seges/comprasgov/anual/2024/comprasGOV-anual-VW_FT_PNCP_COMPRA-2024.csv,39563911000162-1-000102/2024,https://pncp.gov.br/app/editais/39563911000162-1-000102/2024
82,92685005901352024,9268500590135202400136,39563911000162-1-000165/2024,39563911000162-1-000165/2024,39563911000162,FUNDO MUNICIPAL DE SAUDE PMVR SMS,FUNDO MUNICIPAL DE SAÚDE DE VOLTA REDONDA-RJ,VOLTA REDONDA,RJ,3306305,Pregão - Eletrônico,,,Sugamadex,"Sugamadex Composição: Sal Sódico, Concentração: 100MG/ML, Forma Farmacêutica: Solução Injetável",Material,389863,389863,catmat,2500.000000,"Ampola 2,00 ML",141.810000,354525.000000,1001+,2024Q4,3,43.539800,4.639800,21.179835,mad_units,false,,https://repositorio.dados.gov.br/seges/comprasgov/anual/2024/comprasGOV-anual-VW_FT_PNCP_COMPRA_ITEM-2024.csv,https://repositorio.dados.gov.br/seges/comprasgov/anual/2024/comprasGOV-anual-VW_FT_PNCP_COMPRA-2024.csv,39563911000162-1-000165/2024,https://pncp.gov.br/app/editais/39563911000162-1-000165/2024
83,45006805901042024,4500680590104202400074,32512501000143-1-000212/2024,32512501000143-1-000212/2024,32512501000143,MUNICIPIO DE VOLTA REDONDA,PREFEITURA MUNICIPAL DE VOLTA REDONDA-RJ,VOLTA REDONDA,RJ,3306305,Pregão - Eletrônico,39421287000169,ULTRA MAX COMERCIAL LTDA,Luva borracha,"LUVA BORRACHA, MATERIAL BORRACHA NITRÍLICA, TAMANHO GRANDE, CARACTERÍSTICASADICIONAIS CA 32038; LUVA DE MALHA COM BANHO NITRÍLICO, TIPO PROTEÇÃORESISTENTE 1006N",Material,614948,614948,catmat,400.000000,Par,4.060000,1624.000000,101-1000,2024Q4,5,1.740000,0.110000,21.090909,mad_units,false,,https://repositorio.dados.gov.br/seges/comprasgov/anual/2024/comprasGOV-anual-VW_FT_PNCP_COMPRA_ITEM-2024.csv,https://repositorio.dados.gov.br/seges/comprasgov/anual/2024/comprasGOV-anual-VW_FT_PNCP_COMPRA-2024.csv,32512501000143-1-000212/2024,https://pncp.gov.br/app/editais/32512501000143-1-000212/2024
84,92668705900752024,9266870590075202400001,32504706000187-1-000155/2024,32504706000187-1-000155/2024,32504706000187,SERVICO AUTONOMO DE AGUA E ESGOTO SAAE,SERVICO AUTON DE AGUA E ESG DE VOLTA REDONDA,VOLTA REDONDA,RJ,3306305,Pregão - Eletrônico,10376365000179,FICAPOCOS FIOS & CABOS LTDA,Terminal elétrico,"Terminal Elétrico Material: Cobre , Revestimento: Revestimento Isolante Tpt 10 , Aplicação: Cabo Elétrico , Fixação: Por Compressão , Lingueta: Forquilha , Formato Corpo: Circular",Material,487710,487710,catmat,30.000000,Unidade,35.950000,1078.500000,11-100,2024Q3,4,4.480000,1.495000,21.050167,mad_units,false,,https://repositorio.dados.gov.br/seges/comprasgov/anual/2024/comprasGOV-anual-VW_FT_PNCP_COMPRA_ITEM-2024.csv,https://repositorio.dados.gov.br/seges/comprasgov/anual/2024/comprasGOV-anual-VW_FT_PNCP_COMPRA-2024.csv,32504706000187-1-000155/2024,https://pncp.gov.br/app/editais/32504706000187-1-000155/2024
85,45006807001132024,4500680700113202400010,32512501000143-1-000248/2024,32512501000143-1-000248/2024,32512501000143,MUNICIPIO DE VOLTA REDONDA,PREFEITURA MUNICIPAL DE VOLTA REDONDA-RJ,VOLTA REDONDA,RJ,3306305,Inexigibilidade,31848674000174,ASSOCIACAO DOS PRODUTORES FAMILIARES DE SANTA RITA,Verdura In Natura tipo: espinafre,Verdura In Natura tipo: espinafre,Material,463824,463824,catmat,1320.000000,Quilograma,21.620000,28538.400000,1001+,2024Q4,4,4.325000,0.825000,20.963636,mad_units,false,,https://repositorio.dados.gov.br/seges/comprasgov/anual/2024/comprasGOV-anual-VW_FT_PNCP_COMPRA_ITEM-2024.csv,https://repositorio.dados.gov.br/seges/comprasgov/anual/2024/comprasGOV-anual-VW_FT_PNCP_COMPRA-2024.csv,32512501000143-1-000248/2024,https://pncp.gov.br/app/editais/32512501000143-1-000248/2024
86,92776105901012024,9277610590101202400008,29063294000182-1-000181/2024,29063294000182-1-000181/2024,29063294000182,SERVICO AUTONOMO HOSPITALAR,SERVIÇO AUTONOMO HOSPITALAR DE VOLTA REDONDA,VOLTA REDONDA,RJ,3306305,Pregão - Eletrônico,,,Sulfato ferroso,Sulfato Ferroso Dosagem Ferro: 40mg De Ferro Ii,Material,292344,292344,catmat,720.000000,Comprimido,0.680000,489.600000,101-1000,2024Q4,3,0.060000,0.030000,20.666667,mad_units,false,,https://repositorio.dados.gov.br/seges/comprasgov/anual/2024/comprasGOV-anual-VW_FT_PNCP_COMPRA_ITEM-2024.csv,https://repositorio.dados.gov.br/seges/comprasgov/anual/2024/comprasGOV-anual-VW_FT_PNCP_COMPRA-2024.csv,29063294000182-1-000181/2024,https://pncp.gov.br/app/editais/29063294000182-1-000181/2024
87,92668705900812024,9266870590081202400052,32504706000187-1-000168/2024,32504706000187-1-000168/2024,32504706000187,SERVICO AUTONOMO DE AGUA E ESGOTO SAAE,SERVICO AUTON DE AGUA E ESG DE VOLTA REDONDA,VOLTA REDONDA,RJ,3306305,Pregão - Eletrônico,,,Disjuntor média tensão,"Disjuntor Média Tensão Características Adicionais: Caixa Moldada , Capacidade Interrupção Simétrica: 25 KA, Aplicação: Instalação Elétrica , Classe Tensão: 380 V, Corrente Nominal: 80 A, Tipo: Tripolar",Material,616962,616962,catmat,3.000000,Unidade,1578.500000,4735.500000,2-10,2024Q3,9,121.500000,72.340000,20.141001,mad_units,false,,https://repositorio.dados.gov.br/seges/comprasgov/anual/2024/comprasGOV-anual-VW_FT_PNCP_COMPRA_ITEM-2024.csv,https://repositorio.dados.gov.br/seges/comprasgov/anual/2024/comprasGOV-anual-VW_FT_PNCP_COMPRA-2024.csv,32504706000187-1-000168/2024,https://pncp.gov.br/app/editais/32504706000187-1-000168/2024
88,45006803900212024,4500680390021202400001,32512501000143-1-000191/2024,32512501000143-1-000191/2024,32512501000143,MUNICIPIO DE VOLTA REDONDA,PREFEITURA MUNICIPAL DE VOLTA REDONDA-RJ,VOLTA REDONDA,RJ,3306305,Concorrência - Eletrônica,,,Obras Civis - Pequenas Obras / Pintura em Geral,,Serviço,,,none,1.000000,UN,824834.720000,824834.720000,1,2024Q4,4,81227.845000,38434.925000,19.347166,mad_units,false,,https://repositorio.dados.gov.br/seges/comprasgov/anual/2024/comprasGOV-anual-VW_FT_PNCP_COMPRA_ITEM-2024.csv,https://repositorio.dados.gov.br/seges/comprasgov/anual/2024/comprasGOV-anual-VW_FT_PNCP_COMPRA-2024.csv,32512501000143-1-000191/2024,https://pncp.gov.br/app/editais/32512501000143-1-000191/2024
89,45006805900692024,4500680590069202400027,32512501000143-1-000104/2024,32512501000143-1-000104/2024,32512501000143,MUNICIPIO DE VOLTA REDONDA,PREFEITURA MUNICIPAL DE VOLTA REDONDA-RJ,VOLTA REDONDA,RJ,3306305,Pregão - Eletrônico,52813485000136,HYDROLUZ LTDA,Broca,"Broca Material: Metal Duro , Tipo Haste: Cilíndrica , Comprimento: 8 MM, Aplicação: Usinagem , Diâmetro 1: 3,15 MM, Normas Técnicas: Din 333-A",Material,620481,620481,catmat,15.000000,Unidade,90.000000,1350.000000,11-100,2024Q3,6,7.130000,4.300000,19.272093,mad_units,false,,https://repositorio.dados.gov.br/seges/comprasgov/anual/2024/comprasGOV-anual-VW_FT_PNCP_COMPRA_ITEM-2024.csv,https://repositorio.dados.gov.br/seges/comprasgov/anual/2024/comprasGOV-anual-VW_FT_PNCP_COMPRA-2024.csv,32512501000143-1-000104/2024,https://pncp.gov.br/app/editais/32512501000143-1-000104/2024
90,45006805000232024,4500680500023202400075,32512501000143-1-000028/2024,32512501000143-1-000028/2024,32512501000143,MUNICIPIO DE VOLTA REDONDA,PREFEITURA MUNICIPAL DE VOLTA REDONDA-RJ,VOLTA REDONDA,RJ,3306305,Pregão - Presencial,,,Pão,"Pão Base: Farinha De Trigo Enriquecida, Ferro E Ácido Fólico , Tipo: Mini , Tipo Adicional: De Leite , Ingredientes Adicionais: Leite Integral Em Pó, Óleo Vegetal, Ovo, Fermento , Característica Adicional: Pesando Em Média 20 Gramas",Material,617553,617553,catmat,37000.000000,Unidade,0.500000,18500.000000,1001+,2024Q2,4,11.885000,0.605000,18.818182,mad_units,false,,https://repositorio.dados.gov.br/seges/comprasgov/anual/2024/comprasGOV-anual-VW_FT_PNCP_COMPRA_ITEM-2024.csv,https://repositorio.dados.gov.br/seges/comprasgov/anual/2024/comprasGOV-anual-VW_FT_PNCP_COMPRA-2024.csv,32512501000143-1-000028/2024,https://pncp.gov.br/app/editais/32512501000143-1-000028/2024
91,92685005901352024,9268500590135202400015,39563911000162-1-000165/2024,39563911000162-1-000165/2024,39563911000162,FUNDO MUNICIPAL DE SAUDE PMVR SMS,FUNDO MUNICIPAL DE SAÚDE DE VOLTA REDONDA-RJ,VOLTA REDONDA,RJ,3306305,Pregão - Eletrônico,,,Água Destilada,Água Destilada Aspecto Físico: Estéril E Apirogênica,Material,276839,276839,catmat,13000.000000,"Bolsa 100,00 ML",4.800000,62400.000000,1001+,2024Q4,5,0.460000,0.240000,18.083333,mad_units,false,,https://repositorio.dados.gov.br/seges/comprasgov/anual/2024/comprasGOV-anual-VW_FT_PNCP_COMPRA_ITEM-2024.csv,https://repositorio.dados.gov.br/seges/comprasgov/anual/2024/comprasGOV-anual-VW_FT_PNCP_COMPRA-2024.csv,39563911000162-1-000165/2024,https://pncp.gov.br/app/editais/39563911000162-1-000165/2024
92,92668705900752024,9266870590075202400005,32504706000187-1-000155/2024,32504706000187-1-000155/2024,32504706000187,SERVICO AUTONOMO DE AGUA E ESGOTO SAAE,SERVICO AUTON DE AGUA E ESG DE VOLTA REDONDA,VOLTA REDONDA,RJ,3306305,Pregão - Eletrônico,10376365000179,FICAPOCOS FIOS & CABOS LTDA,Luva emenda compressão,"Luva Emenda Compressão Aplicação: Instalação Elétrica , Material: Ferro Zincado , Bitola Condutor: 25 M",Material,419850,419850,catmat,30.000000,Unidade,29.440000,883.200000,11-100,2024Q3,4,4.210000,1.410000,17.893617,mad_units,false,,https://repositorio.dados.gov.br/seges/comprasgov/anual/2024/comprasGOV-anual-VW_FT_PNCP_COMPRA_ITEM-2024.csv,https://repositorio.dados.gov.br/seges/comprasgov/anual/2024/comprasGOV-anual-VW_FT_PNCP_COMPRA-2024.csv,32504706000187-1-000155/2024,https://pncp.gov.br/app/editais/32504706000187-1-000155/2024
93,45006805900712024,4500680590071202400134,32512501000143-1-000102/2024,32512501000143-1-000102/2024,32512501000143,MUNICIPIO DE VOLTA REDONDA,PREFEITURA MUNICIPAL DE VOLTA REDONDA-RJ,VOLTA REDONDA,RJ,3306305,Pregão - Eletrônico,,,Pasta arquivo,"Pasta Arquivo Material: Plástico Opaco , Tipo:  L , Largura: 350 MM, Altura: 230 MM, Cor: Incolor",Material,419359,419359,catmat,500.000000,Unidade,22.330000,11165.000000,101-1000,2024Q3,4,21.705000,0.035000,17.857143,mad_units,false,,https://repositorio.dados.gov.br/seges/comprasgov/anual/2024/comprasGOV-anual-VW_FT_PNCP_COMPRA_ITEM-2024.csv,https://repositorio.dados.gov.br/seges/comprasgov/anual/2024/comprasGOV-anual-VW_FT_PNCP_COMPRA-2024.csv,32512501000143-1-000102/2024,https://pncp.gov.br/app/editais/32512501000143-1-000102/2024
94,45006807000972024,4500680700097202400001,32512501000143-1-000225/2024,32512501000143-1-000225/2024,32512501000143,MUNICIPIO DE VOLTA REDONDA,PREFEITURA MUNICIPAL DE VOLTA REDONDA-RJ,VOLTA REDONDA,RJ,3306305,Inexigibilidade,35290910000130,35.290.910 ROSILAINE BRAZ MACIEL,Apresentação Artística / Musical / Canto / Coral Apresentação Artística / Musical / Canto / Coral,,Serviço,,,none,1.000000,UNIDADE,20000.000000,20000.000000,1,2024Q4,38,1530.000000,1080.000000,17.101852,mad_units,false,,https://repositorio.dados.gov.br/seges/comprasgov/anual/2024/comprasGOV-anual-VW_FT_PNCP_COMPRA_ITEM-2024.csv,https://repositorio.dados.gov.br/seges/comprasgov/anual/2024/comprasGOV-anual-VW_FT_PNCP_COMPRA-2024.csv,32512501000143-1-000225/2024,https://pncp.gov.br/app/editais/32512501000143-1-000225/2024
95,92668705900622024,9266870590062202400009,32504706000187-1-000128/2024,32504706000187-1-000128/2024,32504706000187,SERVICO AUTONOMO DE AGUA E ESGOTO SAAE,SERVICO AUTON DE AGUA E ESG DE VOLTA REDONDA,VOLTA REDONDA,RJ,3306305,Pregão - Eletrônico,10614837000184,LICITEC COMERCIAL LTDA,Reagente,"Reagente Tipo 5: Conjunto Completo , Tipo De Análise: Qualitativo Cd8+ Lambda (Fitc)/Cd56+ Kappa (Pe) , Método: Citometria De Fluxo , Apresentação 5: Teste",Material,615714,615714,catmat,1.000000,Unidade,3531.000000,3531.000000,1,2024Q3,21,234.090000,193.590000,17.030373,mad_units,false,,https://repositorio.dados.gov.br/seges/comprasgov/anual/2024/comprasGOV-anual-VW_FT_PNCP_COMPRA_ITEM-2024.csv,https://repositorio.dados.gov.br/seges/comprasgov/anual/2024/comprasGOV-anual-VW_FT_PNCP_COMPRA-2024.csv,32504706000187-1-000128/2024,https://pncp.gov.br/app/editais/32504706000187-1-000128/2024
96,92668705900752024,9266870590075202400009,32504706000187-1-000155/2024,32504706000187-1-000155/2024,32504706000187,SERVICO AUTONOMO DE AGUA E ESGOTO SAAE,SERVICO AUTON DE AGUA E ESG DE VOLTA REDONDA,VOLTA REDONDA,RJ,3306305,Pregão - Eletrônico,20595749000136,ANA CAROLINA MARQUES GUIMARAES LTDA,Cabo elétrico flexível,"Cabo Elétrico Flexível Material: Cobre Eletrolítico Nu , Tensão Isolamento: 750 V, Seção Nominal Condutor: 120 MM2, Características Adicionais: Condutor Interno Na Cor Do Fabricante , Material Isolamento Condutor: Pvc Anti-Chama , Têmpera Condutor: Mole Classe 5 , Formação Condutor: 1",Material,307367,307367,catmat,300.000000,Metro,192.990000,57897.000000,101-1000,2024Q3,4,33.700000,9.735000,16.362609,mad_units,false,,https://repositorio.dados.gov.br/seges/comprasgov/anual/2024/comprasGOV-anual-VW_FT_PNCP_COMPRA_ITEM-2024.csv,https://repositorio.dados.gov.br/seges/comprasgov/anual/2024/comprasGOV-anual-VW_FT_PNCP_COMPRA-2024.csv,32504706000187-1-000155/2024,https://pncp.gov.br/app/editais/32504706000187-1-000155/2024
97,45006805901042024,4500680590104202400036,32512501000143-1-000212/2024,32512501000143-1-000212/2024,32512501000143,MUNICIPIO DE VOLTA REDONDA,PREFEITURA MUNICIPAL DE VOLTA REDONDA-RJ,VOLTA REDONDA,RJ,3306305,Pregão - Eletrônico,39421287000169,ULTRA MAX COMERCIAL LTDA,Interruptor,"INTERRUPTOR, TIPO EMBUTIR, QUANTIDADE PÓLOS 2 UN, QUANTIDADE SEÇÕES 1 UN,QUANTIDADE ALAVANCAS 1 UN, CARACTERÍSTICAS ADICIONAIS ESPELHO",Material,212360,212360,catmat,14.000000,Unidade,36.740000,514.360000,11-100,2024Q4,8,6.035000,1.925000,15.950649,mad_units,false,,https://repositorio.dados.gov.br/seges/comprasgov/anual/2024/comprasGOV-anual-VW_FT_PNCP_COMPRA_ITEM-2024.csv,https://repositorio.dados.gov.br/seges/comprasgov/anual/2024/comprasGOV-anual-VW_FT_PNCP_COMPRA-2024.csv,32512501000143-1-000212/2024,https://pncp.gov.br/app/editais/32512501000143-1-000212/2024
98,92685005901352024,9268500590135202400041,39563911000162-1-000165/2024,39563911000162-1-000165/2024,39563911000162,FUNDO MUNICIPAL DE SAUDE PMVR SMS,FUNDO MUNICIPAL DE SAÚDE DE VOLTA REDONDA-RJ,VOLTA REDONDA,RJ,3306305,Pregão - Eletrônico,,,Cisatracúrio Besilato,"Cisatracúrio Besilato Concentração: 2MG/ML, Forma Farmaceutica: Solução Injetável",Material,340178,340178,catmat,1100.000000,"Ampola 5,00 ML",24.650000,27115.000000,1001+,2024Q4,3,11.670000,0.820000,15.829268,mad_units,false,,https://repositorio.dados.gov.br/seges/comprasgov/anual/2024/comprasGOV-anual-VW_FT_PNCP_COMPRA_ITEM-2024.csv,https://repositorio.dados.gov.br/seges/comprasgov/anual/2024/comprasGOV-anual-VW_FT_PNCP_COMPRA-2024.csv,39563911000162-1-000165/2024,https://pncp.gov.br/app/editais/39563911000162-1-000165/2024
99,92685005901352024,9268500590135202400119,39563911000162-1-000165/2024,39563911000162-1-000165/2024,39563911000162,FUNDO MUNICIPAL DE SAUDE PMVR SMS,FUNDO MUNICIPAL DE SAÚDE DE VOLTA REDONDA-RJ,VOLTA REDONDA,RJ,3306305,Pregão - Eletrônico,,,Óxido De Zinco,"Óxido De Zinco Princípio Ativo: Associado Com Vitamina A + Vitamina D, Dosagem: 150mg + 5.000ui + 900ui /G, Apresentação: Pomada",Material,279493,279493,catmat,1100.000000,"Bisnaga 45,00 G",6.630000,7293.000000,1001+,2024Q4,10,3.190000,0.220000,15.636364,mad_units,false,,https://repositorio.dados.gov.br/seges/comprasgov/anual/2024/comprasGOV-anual-VW_FT_PNCP_COMPRA_ITEM-2024.csv,https://repositorio.dados.gov.br/seges/comprasgov/anual/2024/comprasGOV-anual-VW_FT_PNCP_COMPRA-2024.csv,39563911000162-1-000165/2024,https://pncp.gov.br/app/editais/39563911000162-1-000165/2024
100,45006807001182024,4500680700118202400006,32512501000143-1-000253/2024,32512501000143-1-000253/2024,32512501000143,MUNICIPIO DE VOLTA REDONDA,PREFEITURA MUNICIPAL DE VOLTA REDONDA-RJ,VOLTA REDONDA,RJ,3306305,Inexigibilidade,***.861.487-**,EVELYN DE OLIVEIRA MIRANDA NASCIMENTO,Verdura In Natura tipo: espinafre,Verdura In Natura tipo: espinafre,Material,463824,463824,catmat,200.000000,Quilograma,21.620000,4324.000000,101-1000,2024Q4,6,5.520000,1.030000,15.631068,mad_units,false,,https://repositorio.dados.gov.br/seges/comprasgov/anual/2024/comprasGOV-anual-VW_FT_PNCP_COMPRA_ITEM-2024.csv,https://repositorio.dados.gov.br/seges/comprasgov/anual/2024/comprasGOV-anual-VW_FT_PNCP_COMPRA-2024.csv,32512501000143-1-000253/2024,https://pncp.gov.br/app/editais/32512501000143-1-000253/2024
