rank,id_compra,id_compra_item,ID_contratacao_PNCP,numero_item,label,evidence_url,notes
1,98621905984962024,9862190598496202400001,46137410000180-1-000877/2024,1,unit error,https://pncp.gov.br/app/editais/46137410000180/2024/877,"PNCP item 1 unidadeMedida=Tonelada, valorUnitarioHomologado=5180.00 for betume CAP 50/70. Peers on CATMAT 377922 are Embalagem 25 kg at 17.95 and Unidade at 16.75. Source https://pncp.gov.br/api/pncp/v1/orgaos/46137410000180/compras/2024/877/itens/1"
2,98621905937732024,9862190593773202400007,46137410000180-1-001162/2024,7,data error,https://pncp.gov.br/app/editais/46137410000180/2024/1162,PNCP situacao=Homologado and valorUnitarioHomologado=55.00. CSV used valor_unitario_estimado=110.14 with empty resultado. Source https://pncp.gov.br/api/pncp/v1/orgaos/46137410000180/compras/2024/1162/itens/7
3,98621905985142024,9862190598514202400039,46137410000180-1-000909/2024,39,unit error,https://pncp.gov.br/app/editais/46137410000180/2024/909,"PNCP item 39 unidadeMedida=Centena, homologado=101.90 for porca 5/8. Peer units on CATMAT 365557 are Unidade at 0.90 and 1.02. Source https://pncp.gov.br/api/pncp/v1/orgaos/46137410000180/compras/2024/909/itens/39"
4,98621905936112024,9862190593611202400001,46137410000180-1-000809/2024,1,data error,https://pncp.gov.br/app/editais/46137410000180/2024/809,PNCP situacaoCompraItemNome=Fracassado; resultados HTTP 204. CSV 7.0983 Frasco-Ampola Omeprazol is the estimate only. Source https://pncp.gov.br/api/pncp/v1/orgaos/46137410000180/compras/2024/809/itens/1
5,98621905933692024,9862190593369202400001,46137410000180-1-000489/2024,1,unit error,https://pncp.gov.br/app/editais/46137410000180/2024/489,"PNCP item 1 unidadeMedida=Grama, homologado=0.0474 for dieta infantil 0-6 meses. Peers on CATMAT 453662 are Quilograma at 68.50 and 68.70. Source https://pncp.gov.br/api/pncp/v1/orgaos/46137410000180/compras/2024/489/itens/1"
6,98621905935132024,9862190593513202400011,46137410000180-1-000699/2024,11,real,https://pncp.gov.br/app/editais/46137410000180/2024/699,PNCP confirms homologado 153.27 / Unidade for pelicula 50x50 cm. Same CATMAT 484798 and Unidade as peers near 9.40 to 14.90. Source https://pncp.gov.br/api/pncp/v1/orgaos/46137410000180/compras/2024/699/itens/11
7,98621903970072024,9862190397007202400001,46137410000180-1-000127/2024,1,spec difference,https://pncp.gov.br/app/editais/46137410000180/2024/127,PNCP confirms homologado 730000.00 UNIDADE for instalacao/manutencao eletrica. CATSER 21687 peers mix small lots near 800-4900 and a different electrical reform. Source https://pncp.gov.br/api/pncp/v1/orgaos/46137410000180/compras/2024/127/itens/1
8,93009805930392024,9300980593039202400020,46139952000191-1-000095/2024,20,spec difference,https://pncp.gov.br/app/editais/46139952000191/2024/95,PNCP confirms homologado 112.49 / Unidade for adesivo 30 cm. CATMAT 472084 peers are other conforme-modelo sizes near 2.45 to 8.87. Source https://pncp.gov.br/api/pncp/v1/orgaos/46139952000191/compras/2024/95/itens/20
9,98621905984022024,9862190598402202400013,46137410000180-1-000887/2024,13,real,https://pncp.gov.br/app/editais/46137410000180/2024/887,PNCP confirms homologado 3000.00 / Unidade for foco clinico LED 20000 lux. Same CATMAT 482047 and Unidade as peers near 295-368. Source https://pncp.gov.br/api/pncp/v1/orgaos/46137410000180/compras/2024/887/itens/13
10,98621905985142024,9862190598514202400096,46137410000180-1-000909/2024,96,real,https://pncp.gov.br/app/editais/46137410000180/2024/909,PNCP confirms homologado 12.23 / Unidade for disco abrasivo 4 1/2 grana 80. Same CATMAT 481666 and Unidade as peers near 4.10-4.21. Source https://pncp.gov.br/api/pncp/v1/orgaos/46137410000180/compras/2024/909/itens/96
11,98621905934342024,9862190593434202400005,46137410000180-1-000570/2024,5,unit error,https://pncp.gov.br/app/editais/46137410000180/2024/570,"PNCP item 5 unidadeMedida=Pacote 100,00 UN, homologado=8.90 for tampa plastica 19 mm. Peers on CATMAT 460793 are Unidade at 0.84 and 0.95. Source https://pncp.gov.br/api/pncp/v1/orgaos/46137410000180/compras/2024/570/itens/5"
12,93009805930472024,9300980593047202400001,46139952000191-1-000111/2024,1,spec difference,https://pncp.gov.br/app/editais/46139952000191/2024/111,PNCP confirms homologado 0.60 / M2 for desinsetizacao de baratas. CATSER 3417 peers mix descupinizacao and desratizacao at 0.01-0.05 / M2. Source https://pncp.gov.br/api/pncp/v1/orgaos/46139952000191/compras/2024/111/itens/1
13,98621905936112024,9862190593611202400013,46137410000180-1-000809/2024,13,data error,https://pncp.gov.br/app/editais/46137410000180/2024/809,PNCP situacao=Fracassado; resultados HTTP 204. CSV 6.70 Bisnaga 50 g Metronidazol is the estimate only. Source https://pncp.gov.br/api/pncp/v1/orgaos/46137410000180/compras/2024/809/itens/13
14,98621905902152024,9862190590215202400028,46137410000180-1-000600/2024,28,unit error,https://pncp.gov.br/app/editais/46137410000180/2024/600,"PNCP item 28 unidadeMedida=Unidade, homologado=266.65 for TNT 40 g/m2. Peers on CATMAT 469173 are Rolo 50,00 M at 41.26 and 46.90. Source https://pncp.gov.br/api/pncp/v1/orgaos/46137410000180/compras/2024/600/itens/28"
15,98621905904282024,9862190590428202400005,46137410000180-1-000721/2024,5,data error,https://pncp.gov.br/app/editais/46137410000180/2024/721,PNCP situacao=Fracassado; resultados HTTP 204. CSV 7.77 Embalagem 1 kg milho de pipoca is the estimate only. Source https://pncp.gov.br/api/pncp/v1/orgaos/46137410000180/compras/2024/721/itens/5
16,98621905935552024,9862190593555202400001,46137410000180-1-000770/2024,1,real,https://pncp.gov.br/app/editais/46137410000180/2024/770,PNCP confirms homologado 435.00 / Unidade for otoscopio clinico portatil. Same CATMAT 610827 and Unidade as peers near 179.99-188.90. Source https://pncp.gov.br/api/pncp/v1/orgaos/46137410000180/compras/2024/770/itens/1
17,98621907000122024,9862190700012202400001,46137410000180-1-000258/2024,1,spec difference,https://pncp.gov.br/app/editais/46137410000180/2024/258,PNCP confirms homologado 130000.00 UNIDADE for apresentacao artistica. CATSER 15830 peers are other show lots near 3000-14500. Source https://pncp.gov.br/api/pncp/v1/orgaos/46137410000180/compras/2024/258/itens/1
18,98621905933852024,9862190593385202400007,46137410000180-1-000532/2024,7,real,https://pncp.gov.br/app/editais/46137410000180/2024/532,PNCP confirms homologado 186.00 / Unidade for cimento de ionomero de vidro fotopolimerizavel. Same CATMAT 444369 and Unidade as peers near 19.40-26.92. Source https://pncp.gov.br/api/pncp/v1/orgaos/46137410000180/compras/2024/532/itens/7
19,98621905934422024,9862190593442202400010,46137410000180-1-000611/2024,10,real,https://pncp.gov.br/app/editais/46137410000180/2024/611,PNCP confirms homologado 0.2885 / Comprimido for hidralazina 25 mg. Same CATMAT 268111 dose class as peers near 0.36. Source https://pncp.gov.br/api/pncp/v1/orgaos/46137410000180/compras/2024/611/itens/10
20,98621905905262024,9862190590526202400002,46137410000180-1-001018/2024,2,unit error,https://pncp.gov.br/app/editais/46137410000180/2024/1018,"PNCP item 2 unidadeMedida=Botijao 45,00 KG, homologado=323.28 for GLP. Peers on CATMAT 461652 are Botijao 13,00 KG near 79.15-101.67. Source https://pncp.gov.br/api/pncp/v1/orgaos/46137410000180/compras/2024/1018/itens/2"
21,98621905983752024,9862190598375202400005,46137410000180-1-000701/2024,5,real,https://pncp.gov.br/app/editais/46137410000180/2024/701,PNCP confirms homologado 900.00 / Unidade for oximetro digital portatil. Same CATMAT 299875 and Unidade as peers near 44-90. Source https://pncp.gov.br/api/pncp/v1/orgaos/46137410000180/compras/2024/701/itens/5
22,98621905933752024,9862190593375202400015,46137410000180-1-000790/2024,15,spec difference,https://pncp.gov.br/app/editais/46137410000180/2024/790,PNCP confirms homologado 35586.00 / UN for manutencao de aparelho oftalmologico. CATSER 13528 peers mix preventive and corrective jobs on different devices near 690-3740. Source https://pncp.gov.br/api/pncp/v1/orgaos/46137410000180/compras/2024/790/itens/15
23,98621905932872024,9862190593287202400002,46137410000180-1-000519/2024,2,real,https://pncp.gov.br/app/editais/46137410000180/2024/519,PNCP confirms homologado 44750.00 / Unidade for uniforme profissional casaca/calca/quepe sob medida. Same CATMAT 616968 text and Unidade as peers. Source https://pncp.gov.br/api/pncp/v1/orgaos/46137410000180/compras/2024/519/itens/2
24,98621905904352024,9862190590435202400001,46137410000180-1-000803/2024,1,real,https://pncp.gov.br/app/editais/46137410000180/2024/803,PNCP confirms homologado 7.80 / Unidade for lapis atoxico preto. Same CATMAT 386916 and Unidade as peers near 0.30-0.71. Source https://pncp.gov.br/api/pncp/v1/orgaos/46137410000180/compras/2024/803/itens/1
25,98621905931752024,9862190593175202400001,46137410000180-1-000147/2024,1,data error,https://pncp.gov.br/app/editais/46137410000180/2024/147,PNCP situacao=Fracassado; resultados HTTP 204. CSV 1040.00 locacao de guarita is the estimate only. Source https://pncp.gov.br/api/pncp/v1/orgaos/46137410000180/compras/2024/147/itens/1
26,98621905902462024,9862190590246202400017,46137410000180-1-000830/2024,17,data error,https://pncp.gov.br/app/editais/46137410000180/2024/830,PNCP situacao=Anulado/Revogado/Cancelado; resultados HTTP 204. CSV 313.18 livro didatico is the estimate only. Source https://pncp.gov.br/api/pncp/v1/orgaos/46137410000180/compras/2024/830/itens/17
27,98621906936312024,9862190693631202400001,46137410000180-1-000855/2024,1,data error,https://pncp.gov.br/app/editais/46137410000180/2024/855,PNCP situacao=Deserto; resultados HTTP 204. CSV 25.39 Frasco-Ampola suxametonio is the estimate only. Source https://pncp.gov.br/api/pncp/v1/orgaos/46137410000180/compras/2024/855/itens/1
28,98621905934032024,9862190593403202400001,46137410000180-1-000511/2024,1,spec difference,https://pncp.gov.br/app/editais/46137410000180/2024/511,PNCP confirms homologado 2892.00 UNIDADE for licenciamento de software. CATSER 27456 peers are other workstation licenses near 790-1065. Source https://pncp.gov.br/api/pncp/v1/orgaos/46137410000180/compras/2024/511/itens/1
29,98621903900042024,9862190390004202400002,46137410000180-1-000217/2024,2,spec difference,https://pncp.gov.br/app/editais/46137410000180/2024/217,PNCP confirms homologado 4746015.93 UNIDADE for obras civis publicas. CATSER 5622 peers mix revitalizacao and construction lots. Source https://pncp.gov.br/api/pncp/v1/orgaos/46137410000180/compras/2024/217/itens/2
30,98621905904562024,9862190590456202400004,46137410000180-1-000722/2024,4,real,https://pncp.gov.br/app/editais/46137410000180/2024/722,PNCP confirms homologado 2430.00 / Unidade for fogao industrial a gas. Same CATMAT 451454 and Unidade as peers near 8617-9555. Source https://pncp.gov.br/api/pncp/v1/orgaos/46137410000180/compras/2024/722/itens/4
31,98621905902642024,9862190590264202400004,46137410000180-1-000800/2024,4,data error,https://pncp.gov.br/app/editais/46137410000180/2024/800,PNCP situacao=Fracassado; resultados HTTP 204. CSV 55.87 / kg carne processada is the estimate only. Source https://pncp.gov.br/api/pncp/v1/orgaos/46137410000180/compras/2024/800/itens/4
32,98621905935132024,9862190593513202400003,46137410000180-1-000699/2024,3,real,https://pncp.gov.br/app/editais/46137410000180/2024/699,PNCP confirms homologado 16.60 / Unidade for sonda uretral 12 Fr. Same CATMAT 436136 and Unidade as peers near 0.60-10.51. Source https://pncp.gov.br/api/pncp/v1/orgaos/46137410000180/compras/2024/699/itens/3
33,98621905902152024,9862190590215202400026,46137410000180-1-000600/2024,26,real,https://pncp.gov.br/app/editais/46137410000180/2024/600,PNCP confirms homologado 13.20 / Unidade for papel celofane 100x85 cm. Same CATMAT 417237 and Unidade as peers near 1.09. Source https://pncp.gov.br/api/pncp/v1/orgaos/46137410000180/compras/2024/600/itens/26
34,98621905932062024,9862190593206202400010,46137410000180-1-000284/2024,10,data error,https://pncp.gov.br/app/editais/46137410000180/2024/284,PNCP situacao=Anulado/Revogado/Cancelado; resultados HTTP 204. CSV 196.00 sensor para equipamento medico is the estimate only. Source https://pncp.gov.br/api/pncp/v1/orgaos/46137410000180/compras/2024/284/itens/10
35,93009805930532024,9300980593053202400037,46139952000191-1-000127/2024,37,spec difference,https://pncp.gov.br/app/editais/46139952000191/2024/127,"PNCP confirms homologado 500.00 / UN for retirada e transporte de veiculos. CATSER 17965 peers mix ensaio, selagem and revisao de tacografo. Source https://pncp.gov.br/api/pncp/v1/orgaos/46139952000191/compras/2024/127/itens/37"
36,93009806930082024,9300980693008202400006,46139952000191-1-000093/2024,6,spec difference,https://pncp.gov.br/app/editais/46139952000191/2024/93,"PNCP confirms homologado 1460.00 / UN for analise microbiologica de agua. CATSER 19143 peers are other water tests (pH, turbidez, fluor). Source https://pncp.gov.br/api/pncp/v1/orgaos/46139952000191/compras/2024/93/itens/6"
37,93009805930252024,9300980593025202400077,46139952000191-1-000054/2024,77,real,https://pncp.gov.br/app/editais/46139952000191/2024/54,PNCP confirms homologado 24.50 / Unidade for grampo de cabo 3/8. Same CATMAT 484597 and Unidade as peers near 13-14. Source https://pncp.gov.br/api/pncp/v1/orgaos/46139952000191/compras/2024/54/itens/77
38,93009805930252024,9300980593025202400185,46139952000191-1-000054/2024,185,real,https://pncp.gov.br/app/editais/46139952000191/2024/54,PNCP confirms homologado 24.50 / Unidade for grampo de cabo 3/8. Same CATMAT 484597 and Unidade as peers near 13-14. Source https://pncp.gov.br/api/pncp/v1/orgaos/46139952000191/compras/2024/54/itens/185
39,98621905935292024,9862190593529202400001,46137410000180-1-000744/2024,1,spec difference,https://pncp.gov.br/app/editais/46137410000180/2024/744,"PNCP confirms homologado 6500000.00 / UN for locacao de veiculos. CATSER 4014 peers mix cavalo mecanico, motoniveladora and passeio lots. Source https://pncp.gov.br/api/pncp/v1/orgaos/46137410000180/compras/2024/744/itens/1"
40,98621905985142024,9862190598514202400115,46137410000180-1-000909/2024,115,real,https://pncp.gov.br/app/editais/46137410000180/2024/909,PNCP confirms homologado 99.00 / Unidade for cavadeira articulada cabo 150 cm. Same CATMAT 602047 and Unidade as peers near 30.70-42.80. Source https://pncp.gov.br/api/pncp/v1/orgaos/46137410000180/compras/2024/909/itens/115
41,98621905904282024,9862190590428202400002,46137410000180-1-000721/2024,2,unit error,https://pncp.gov.br/app/editais/46137410000180/2024/721,"PNCP item 2 unidadeMedida=Quilograma, homologado=38.00 for biscoito de arroz. Peers on CATMAT 478564 are Embalagem 20,00 G at 3.90. Source https://pncp.gov.br/api/pncp/v1/orgaos/46137410000180/compras/2024/721/itens/2"
42,98621905985142024,9862190598514202400033,46137410000180-1-000909/2024,33,real,https://pncp.gov.br/app/editais/46137410000180/2024/909,PNCP confirms homologado 56.00 / Unidade for cadeado de latao. Same CATMAT 290095 and Unidade as peers near 13-21. Source https://pncp.gov.br/api/pncp/v1/orgaos/46137410000180/compras/2024/909/itens/33
43,98621905932212024,9862190593221202400002,46137410000180-1-000269/2024,2,data error,https://pncp.gov.br/app/editais/46137410000180/2024/269,PNCP situacao=Fracassado; resultados HTTP 204. CSV 105.00 ortese para coluna is the estimate only. Source https://pncp.gov.br/api/pncp/v1/orgaos/46137410000180/compras/2024/269/itens/2
44,98621905900992024,9862190590099202400011,46137410000180-1-000281/2024,11,data error,https://pncp.gov.br/app/editais/46137410000180/2024/281,PNCP situacao=Anulado/Revogado/Cancelado; resultados HTTP 204. CSV 3098.50 martelete is the estimate only. Source https://pncp.gov.br/api/pncp/v1/orgaos/46137410000180/compras/2024/281/itens/11
45,98621905933752024,9862190593375202400008,46137410000180-1-000790/2024,8,spec difference,https://pncp.gov.br/app/editais/46137410000180/2024/790,PNCP confirms homologado 18989.00 / UN for manutencao de aparelho oftalmologico. CATSER 13528 peers mix other ophthalmic jobs near 690-3740. Source https://pncp.gov.br/api/pncp/v1/orgaos/46137410000180/compras/2024/790/itens/8
46,98621905983882024,9862190598388202400001,46137410000180-1-000714/2024,1,real,https://pncp.gov.br/app/editais/46137410000180/2024/714,PNCP confirms homologado 4.8139 / Litro for gasolina comum IAD 87. Same CATMAT 461506 and Litro as peers near 5.30-5.98. Source https://pncp.gov.br/api/pncp/v1/orgaos/46137410000180/compras/2024/714/itens/1
47,98621903970162024,9862190397016202400001,46137410000180-1-000464/2024,1,spec difference,https://pncp.gov.br/app/editais/46137410000180/2024/464,PNCP confirms homologado 3401255.55 UNIDADE for obras de pavimentacao. CATSER 1406 peers are other paving lots. Source https://pncp.gov.br/api/pncp/v1/orgaos/46137410000180/compras/2024/464/itens/1
48,98621905983022024,9862190598302202400002,46137410000180-1-000593/2024,2,spec difference,https://pncp.gov.br/app/editais/46137410000180/2024/593,"PNCP confirms homologado 80.00 UNIDADE for manutencao de ar-condicionado. CATSER 3492 peers mix 12000 BTU, cortina de ar and bomba de dreno. Source https://pncp.gov.br/api/pncp/v1/orgaos/46137410000180/compras/2024/593/itens/2"
49,98621905985142024,9862190598514202400130,46137410000180-1-000909/2024,130,real,https://pncp.gov.br/app/editais/46137410000180/2024/909,PNCP confirms homologado 10.29 / Unidade for desempenadeira 30x18 cm. Same CATMAT 436485 and Unidade as peers near 8.37-9.58. Source https://pncp.gov.br/api/pncp/v1/orgaos/46137410000180/compras/2024/909/itens/130
50,98621905983882024,9862190598388202400004,46137410000180-1-000714/2024,4,real,https://pncp.gov.br/app/editais/46137410000180/2024/714,PNCP confirms homologado 5.1723 / Litro for oleo diesel S10. Same CATMAT 461548 and Litro as peers near 5.45-5.91. Source https://pncp.gov.br/api/pncp/v1/orgaos/46137410000180/compras/2024/714/itens/4
51,98621905933512024,9862190593351202400002,46137410000180-1-000501/2024,2,unit error,https://pncp.gov.br/app/editais/46137410000180/2024/501,"PNCP item 2 unidadeMedida=Seringa 2,00 G, homologado=20.44 for resina composta. Peers on CATMAT 437119 are Seringa 4,00 G near 40.28-43.04. Source https://pncp.gov.br/api/pncp/v1/orgaos/46137410000180/compras/2024/501/itens/2"
52,98621905933692024,9862190593369202400009,46137410000180-1-000489/2024,9,unit error,https://pncp.gov.br/app/editais/46137410000180/2024/489,"PNCP item 16 unidadeMedida=Grama, homologado=0.0288 for leite em po. Peers on CATMAT 446019 are Quilograma near 19.90-27.80. Source https://pncp.gov.br/api/pncp/v1/orgaos/46137410000180/compras/2024/489/itens/9"
53,98621905935132024,9862190593513202400004,46137410000180-1-000699/2024,4,real,https://pncp.gov.br/app/editais/46137410000180/2024/699,PNCP confirms homologado 3.47 / Unidade for fralda adulto medio. Same CATMAT 616017 and Unidade as peers near 1.05-1.63. Source https://pncp.gov.br/api/pncp/v1/orgaos/46137410000180/compras/2024/699/itens/4
54,98621905935802024,9862190593580202400016,46137410000180-1-000816/2024,16,real,https://pncp.gov.br/app/editais/46137410000180/2024/816,PNCP confirms homologado 39.80 / Unidade for bordado ingles 137 cm. Same CATMAT 621033 text and Unidade as peers near 27-30. Source https://pncp.gov.br/api/pncp/v1/orgaos/46137410000180/compras/2024/816/itens/16
55,93028906900512024,9302890690051202400001,46139960000138-1-000005/2024,1,spec difference,https://pncp.gov.br/app/editais/46139960000138/2024/5,PNCP confirms homologado 641.04 / UN for corretagem-seguro. CATSER 13943 peers mix D&O and per-vehicle auto policies. Source https://pncp.gov.br/api/pncp/v1/orgaos/46139960000138/compras/2024/5/itens/1
56,98621905937732024,9862190593773202400004,46137410000180-1-001162/2024,4,data error,https://pncp.gov.br/app/editais/46137410000180/2024/1162,PNCP situacao=Homologado and valorUnitarioHomologado=55.00. CSV used valor_unitario_estimado=122.85 with empty resultado. Source https://pncp.gov.br/api/pncp/v1/orgaos/46137410000180/compras/2024/1162/itens/4
57,98621907000102024,9862190700010202400001,46137410000180-1-000173/2024,1,spec difference,https://pncp.gov.br/app/editais/46137410000180/2024/173,PNCP confirms homologado 515000.00 UNIDADE for apresentacao artistica. Free-text peers are other show lots near 14800-90000. Source https://pncp.gov.br/api/pncp/v1/orgaos/46137410000180/compras/2024/173/itens/1
58,98621906934252024,9862190693425202400002,46137410000180-1-000494/2024,2,data error,https://pncp.gov.br/app/editais/46137410000180/2024/494,PNCP situacao=Deserto; resultados HTTP 204. CSV 1.74 cateter is the estimate only. Source https://pncp.gov.br/api/pncp/v1/orgaos/46137410000180/compras/2024/494/itens/2
59,98621905933512024,9862190593351202400004,46137410000180-1-000501/2024,4,real,https://pncp.gov.br/app/editais/46137410000180/2024/501,"PNCP confirms homologado 98.8226 / Seringa 4,00 G for resina gengival nanohibrida. Same CATMAT 446500 and pack as peers near 65.26-70.04. Source https://pncp.gov.br/api/pncp/v1/orgaos/46137410000180/compras/2024/501/itens/4"
60,98621905933512024,9862190593351202400006,46137410000180-1-000501/2024,6,real,https://pncp.gov.br/app/editais/46137410000180/2024/501,"PNCP confirms homologado 98.8226 / Seringa 4,00 G for resina gengival nanohibrida. Same CATMAT 446500 and pack as peers near 65.26-70.04. Source https://pncp.gov.br/api/pncp/v1/orgaos/46137410000180/compras/2024/501/itens/6"
61,98621905904112024,9862190590411202400001,46137410000180-1-000668/2024,1,real,https://pncp.gov.br/app/editais/46137410000180/2024/668,PNCP confirms homologado 7.40 / Bandeja 12 UN for ovo branco A jumbo. Same CATMAT 467577 and tray as peers near 5.30-5.60. Source https://pncp.gov.br/api/pncp/v1/orgaos/46137410000180/compras/2024/668/itens/1
62,98621905934612024,9862190593461202400007,46137410000180-1-000610/2024,7,data error,https://pncp.gov.br/app/editais/46137410000180/2024/610,PNCP situacao=Fracassado; resultados HTTP 204. CSV 1.74 / g suplemento cobre e zinco is the estimate only. Source https://pncp.gov.br/api/pncp/v1/orgaos/46137410000180/compras/2024/610/itens/7
63,98621905937202024,9862190593720202400003,46137410000180-1-000992/2024,3,data error,https://pncp.gov.br/app/editais/46137410000180/2024/992,PNCP situacao=Fracassado; resultados HTTP 204. CSV 51.875 Caixa 1000 UN adocante is the estimate only. Source https://pncp.gov.br/api/pncp/v1/orgaos/46137410000180/compras/2024/992/itens/3
64,93009805930392024,9300980593039202400017,46139952000191-1-000095/2024,17,spec difference,https://pncp.gov.br/app/editais/46139952000191/2024/95,PNCP confirms homologado 8.87 / Unidade for adesivo conforme modelo. CATMAT 472084 peers mix other sizes near 2.45-112.49. Source https://pncp.gov.br/api/pncp/v1/orgaos/46139952000191/compras/2024/95/itens/17
65,98621905905102024,9862190590510202400001,46137410000180-1-000789/2024,1,data error,https://pncp.gov.br/app/editais/46137410000180/2024/789,PNCP situacao=Fracassado; resultados HTTP 204. CSV 10.02 / kg feijao branco is the estimate only. Source https://pncp.gov.br/api/pncp/v1/orgaos/46137410000180/compras/2024/789/itens/1
66,98621905933512024,9862190593351202400005,46137410000180-1-000501/2024,5,real,https://pncp.gov.br/app/editais/46137410000180/2024/501,"PNCP confirms homologado 97.5933 / Seringa 4,00 G for resina gengival nanohibrida. Same CATMAT 446500 and pack as peers near 65.26-70.04. Source https://pncp.gov.br/api/pncp/v1/orgaos/46137410000180/compras/2024/501/itens/5"
67,98621905904492024,9862190590449202400004,46137410000180-1-000697/2024,4,real,https://pncp.gov.br/app/editais/46137410000180/2024/697,PNCP confirms homologado 8.85 / kg for feijao carioca cozido a vacuo. Same CATMAT 464585 and kg as peers near 4.50-5.17. Source https://pncp.gov.br/api/pncp/v1/orgaos/46137410000180/compras/2024/697/itens/4
68,98621905903692024,9862190590369202400002,46137410000180-1-000638/2024,2,data error,https://pncp.gov.br/app/editais/46137410000180/2024/638,PNCP situacao=Fracassado; resultados HTTP 204. CSV 12.09 / kg biscoito rosquinha is the estimate only. Source https://pncp.gov.br/api/pncp/v1/orgaos/46137410000180/compras/2024/638/itens/2
69,98621905984462024,9862190598446202400011,46137410000180-1-000757/2024,11,real,https://pncp.gov.br/app/editais/46137410000180/2024/757,PNCP confirms homologado 4.86 / kg for laranja pera. Same CATMAT 464393 and kg as peers near 3.80-4.15. Source https://pncp.gov.br/api/pncp/v1/orgaos/46137410000180/compras/2024/757/itens/11
70,93009805930352024,9300980593035202400009,46139952000191-1-000086/2024,9,real,https://pncp.gov.br/app/editais/46139952000191/2024/86,PNCP confirms homologado 8682.30 / Unidade for bomba centrifuga 50 CV. Same CATMAT 324309 text and Unidade as peers. Source https://pncp.gov.br/api/pncp/v1/orgaos/46139952000191/compras/2024/86/itens/9
71,98621905934902024,9862190593490202400001,46137410000180-1-000613/2024,1,data error,https://pncp.gov.br/app/editais/46137410000180/2024/613,PNCP situacao=Anulado/Revogado/Cancelado; resultados HTTP 204. CSV 2.385 fralda XXG is the estimate only. Source https://pncp.gov.br/api/pncp/v1/orgaos/46137410000180/compras/2024/613/itens/1
72,98621905902792024,9862190590279202400001,46137410000180-1-000314/2024,1,data error,https://pncp.gov.br/app/editais/46137410000180/2024/314,PNCP situacao=Fracassado; resultados HTTP 204. CSV 16.66 / kg leguminosa is the estimate only. Source https://pncp.gov.br/api/pncp/v1/orgaos/46137410000180/compras/2024/314/itens/1
73,98621905933812024,9862190593381202400008,46137410000180-1-000853/2024,8,spec difference,https://pncp.gov.br/app/editais/46137410000180/2024/853,"PNCP confirms homologado 1000.00 / UN for manutencao de aparelho de ondas curtas. CATSER 5428 peers mix tomografo, tens/fes and laser jobs. Source https://pncp.gov.br/api/pncp/v1/orgaos/46137410000180/compras/2024/853/itens/8"
74,98621905935132024,9862190593513202400009,46137410000180-1-000699/2024,9,real,https://pncp.gov.br/app/editais/46137410000180/2024/699,PNCP confirms homologado 2.17 / Unidade for fralda adulto pequeno. Same CATMAT 616016 and Unidade as peers near 1.01-1.42. Source https://pncp.gov.br/api/pncp/v1/orgaos/46137410000180/compras/2024/699/itens/9
75,98621905905132024,9862190590513202400022,46137410000180-1-000933/2024,22,real,https://pncp.gov.br/app/editais/46137410000180/2024/933,PNCP confirms homologado 0.68 / Unidade for caneta marca-texto amarela 4 mm. Same CATMAT 486374 and Unidade as peers near 0.40-0.45. Source https://pncp.gov.br/api/pncp/v1/orgaos/46137410000180/compras/2024/933/itens/22
76,98621905985142024,9862190598514202400015,46137410000180-1-000909/2024,15,real,https://pncp.gov.br/app/editais/46137410000180/2024/909,PNCP confirms homologado 0.90 / Unidade for parafuso com bucha n 8. Same CATMAT 389551 and Unidade as peers near 0.23-0.44. Source https://pncp.gov.br/api/pncp/v1/orgaos/46137410000180/compras/2024/909/itens/15
77,98621905903812024,9862190590381202400001,46137410000180-1-000628/2024,1,real,https://pncp.gov.br/app/editais/46137410000180/2024/628,PNCP confirms homologado 550.00 / Unidade for defletor de ar 110 cm. Same CATMAT 608435 text and Unidade as peers near 122.90-200.00. Source https://pncp.gov.br/api/pncp/v1/orgaos/46137410000180/compras/2024/628/itens/1
78,98621905932872024,9862190593287202400001,46137410000180-1-000519/2024,1,real,https://pncp.gov.br/app/editais/46137410000180/2024/519,PNCP confirms homologado 16576.00 / Unidade for uniforme profissional casaca/calca/quepe sob medida. Same CATMAT 616968 text and Unidade as peers. Source https://pncp.gov.br/api/pncp/v1/orgaos/46137410000180/compras/2024/519/itens/1
79,93009805930352024,9300980593035202400005,46139952000191-1-000086/2024,5,real,https://pncp.gov.br/app/editais/46139952000191/2024/86,PNCP confirms homologado 8682.30 / Unidade for bomba centrifuga 50 CV. Same CATMAT 324309 text and Unidade as peers. Source https://pncp.gov.br/api/pncp/v1/orgaos/46139952000191/compras/2024/86/itens/5
80,93009805930392024,9300980593039202400007,46139952000191-1-000095/2024,7,spec difference,https://pncp.gov.br/app/editais/46139952000191/2024/95,PNCP confirms homologado 3.78 / Unidade for adesivo conforme modelo. CATMAT 472084 peers mix other sizes near 0.58-2.47. Source https://pncp.gov.br/api/pncp/v1/orgaos/46139952000191/compras/2024/95/itens/7
81,98621906934502024,9862190693450202400014,46137410000180-1-000677/2024,14,data error,https://pncp.gov.br/app/editais/46137410000180/2024/677,PNCP situacao=Deserto; resultados HTTP 204. CSV 8.9156 comprimido roflumilaste is the estimate only. Source https://pncp.gov.br/api/pncp/v1/orgaos/46137410000180/compras/2024/677/itens/14
82,93009805930532024,9300980593053202400003,46139952000191-1-000127/2024,3,spec difference,https://pncp.gov.br/app/editais/46139952000191/2024/127,"PNCP confirms homologado 77.99 / UN for selagem de tacografo. CATSER 17965 peers mix transporte, ensaio and revisao. Source https://pncp.gov.br/api/pncp/v1/orgaos/46139952000191/compras/2024/127/itens/3"
83,98621905903692024,9862190590369202400003,46137410000180-1-000638/2024,3,unit error,https://pncp.gov.br/app/editais/46137410000180/2024/638,"PNCP item 3 unidadeMedida=Quilograma, homologado=25.00 for biscoito de polvilho. Peers on CATMAT 240574 are Pacote 50,00 G at 5.75. Source https://pncp.gov.br/api/pncp/v1/orgaos/46137410000180/compras/2024/638/itens/3"
84,93009805930562024,9300980593056202400002,46139952000191-1-000134/2024,2,real,https://pncp.gov.br/app/editais/46139952000191/2024/134,PNCP confirms homologado 5.3001 / Litro for gasolina comum IAD 87. Same CATMAT 461506 and Litro as peers near 4.81-5.98. Source https://pncp.gov.br/api/pncp/v1/orgaos/46139952000191/compras/2024/134/itens/2
85,93009805930372024,9300980593037202400011,46139952000191-1-000090/2024,11,real,https://pncp.gov.br/app/editais/46139952000191/2024/90,"PNCP confirms homologado 7200.00 / Peca 1,00 M for barra de latao 1 pol. Same CATMAT 603425 text and peca as peers. Source https://pncp.gov.br/api/pncp/v1/orgaos/46139952000191/compras/2024/90/itens/11"
86,98621905932482024,9862190593248202400004,46137410000180-1-000389/2024,4,spec difference,https://pncp.gov.br/app/editais/46137410000180/2024/389,PNCP confirms homologado 105.00 UNIDADE for desinstalacao de ar-condicionado. CATSER 2020 peers mix instalacao with extra tubing. Source https://pncp.gov.br/api/pncp/v1/orgaos/46137410000180/compras/2024/389/itens/4
87,98621905934482024,9862190593448202400014,46137410000180-1-000605/2024,14,spec difference,https://pncp.gov.br/app/editais/46137410000180/2024/605,"PNCP confirms homologado 0.4477 / Grama for suplemento hipocalorico. CATMAT 619249 peers mix Grama, Mililitro and Quilograma presentations. Source https://pncp.gov.br/api/pncp/v1/orgaos/46137410000180/compras/2024/605/itens/14"
88,93009805930532024,9300980593053202400004,46139952000191-1-000127/2024,4,spec difference,https://pncp.gov.br/app/editais/46139952000191/2024/127,"PNCP confirms homologado 74.99 / UN for limpeza de sensor de tacografo. CATSER 17965 peers mix software, gaveta and relogio jobs. Source https://pncp.gov.br/api/pncp/v1/orgaos/46139952000191/compras/2024/127/itens/4"
89,98621905904352024,9862190590435202400006,46137410000180-1-000803/2024,6,real,https://pncp.gov.br/app/editais/46137410000180/2024/803,PNCP confirms homologado 2.06 / Unidade for pincel cabo madeira. Same CATMAT 401623 and Unidade as peers near 0.99-1.26. Source https://pncp.gov.br/api/pncp/v1/orgaos/46137410000180/compras/2024/803/itens/6
90,98621905934612024,9862190593461202400020,46137410000180-1-000610/2024,20,spec difference,https://pncp.gov.br/app/editais/46137410000180/2024/610,"PNCP confirms homologado 0.564 / Grama for suplemento cobre e zinco. CATMAT 485503 peers mix Grama, Mililitro, Quilograma and Comprimido. Source https://pncp.gov.br/api/pncp/v1/orgaos/46137410000180/compras/2024/610/itens/20"
91,98621905934612024,9862190593461202400018,46137410000180-1-000610/2024,18,spec difference,https://pncp.gov.br/app/editais/46137410000180/2024/610,"PNCP confirms homologado 0.56 / Grama for suplemento cobre e zinco. CATMAT 485503 peers mix Grama, Mililitro, Quilograma and Comprimido. Source https://pncp.gov.br/api/pncp/v1/orgaos/46137410000180/compras/2024/610/itens/18"
92,98621905936632024,9862190593663202400003,46137410000180-1-000967/2024,3,data error,https://pncp.gov.br/app/editais/46137410000180/2024/967,PNCP situacao=Deserto; resultados HTTP 204. CSV 2299.32 testes psicologicos is the estimate only. Source https://pncp.gov.br/api/pncp/v1/orgaos/46137410000180/compras/2024/967/itens/3
93,98621905935052024,9862190593505202400002,46137410000180-1-000861/2024,2,data error,https://pncp.gov.br/app/editais/46137410000180/2024/861,PNCP situacao=Em andamento; resultados HTTP 204 and no valorUnitarioHomologado. CSV 1106.22 caneta baixa rotacao is the estimate only. Source https://pncp.gov.br/api/pncp/v1/orgaos/46137410000180/compras/2024/861/itens/2
94,98621905904352024,9862190590435202400005,46137410000180-1-000803/2024,5,real,https://pncp.gov.br/app/editais/46137410000180/2024/803,PNCP confirms homologado 2.01 / Unidade for pincel cabo madeira. Same CATMAT 401623 and Unidade as peers near 0.99-1.26. Source https://pncp.gov.br/api/pncp/v1/orgaos/46137410000180/compras/2024/803/itens/5
95,98621905934612024,9862190593461202400015,46137410000180-1-000610/2024,15,data error,https://pncp.gov.br/app/editais/46137410000180/2024/610,PNCP situacao=Deserto; resultados HTTP 204. CSV 1.089 / g suplemento cobre e zinco is the estimate only. Source https://pncp.gov.br/api/pncp/v1/orgaos/46137410000180/compras/2024/610/itens/15
96,98621905934222024,9862190593422202400015,46137410000180-1-000586/2024,15,real,https://pncp.gov.br/app/editais/46137410000180/2024/586,"PNCP confirms homologado 2.49 / Ampola 2,00 ML for prometazina 25 mg/ml. Same CATMAT 267769 and ampoule as peers near 3.00-4.02. Source https://pncp.gov.br/api/pncp/v1/orgaos/46137410000180/compras/2024/586/itens/15"
97,93009805930532024,9300980593053202400006,46139952000191-1-000127/2024,6,real,https://pncp.gov.br/app/editais/46139952000191/2024/127,PNCP confirms homologado 438.99 / Unidade for tacografo 7d eletronico. Same CATMAT 217876 text and Unidade as peers. Source https://pncp.gov.br/api/pncp/v1/orgaos/46139952000191/compras/2024/127/itens/6
98,98621905983412024,9862190598341202400013,46137410000180-1-000657/2024,13,real,https://pncp.gov.br/app/editais/46137410000180/2024/657,PNCP confirms homologado 770.00 / Unidade for poste de eucalipto 5 m. Same CATMAT 605953 text and Unidade as peers. Source https://pncp.gov.br/api/pncp/v1/orgaos/46137410000180/compras/2024/657/itens/13
99,98621905982992024,9862190598299202400004,46137410000180-1-000576/2024,4,real,https://pncp.gov.br/app/editais/46137410000180/2024/576,"PNCP confirms homologado 425.00 / Unidade for persiana 1,54 x 1,70 m. Same CATMAT 482597 text and Unidade as peers near 392-400. Source https://pncp.gov.br/api/pncp/v1/orgaos/46137410000180/compras/2024/576/itens/4"
100,98621905932062024,9862190593206202400009,46137410000180-1-000284/2024,9,data error,https://pncp.gov.br/app/editais/46137410000180/2024/284,PNCP situacao=Anulado/Revogado/Cancelado; resultados HTTP 204. CSV 85.00 peca equipamento medico is the estimate only. Source https://pncp.gov.br/api/pncp/v1/orgaos/46137410000180/compras/2024/284/itens/9
